ping_number,timestamp,latitude,longitude,heading,speed_knots,altitude,depth,slant_range,cable_out
0,2024-01-15T10:00:00+00:00,27.800001308515963,-82.49999852075051,45.2825146214042,4.0,15.0,2.0,150.0,50.0
1,2024-01-15T10:00:00.100000+00:00,27.800002617031925,-82.49999704150099,44.58102656858966,4.0,15.0,2.0,150.0,50.0
2,2024-01-15T10:00:00.200000+00:00,27.800003925547887,-82.49999556225146,44.79608566557648,4.0,15.0,2.0,150.0,50.0
3,2024-01-15T10:00:00.300000+00:00,27.80000523406385,-82.49999408300191,45.1111510702382,4.0,15.0,2.0,150.0,50.0
4,2024-01-15T10:00:00.400000+00:00,27.800006542579812,-82.49999260375235,44.69509533174358,4.0,15.0,2.0,150.0,50.0
5,2024-01-15T10:00:00.500000+00:00,27.800007851095774,-82.49999112450276,44.97836399316448,4.0,15.0,2.0,150.0,50.0
6,2024-01-15T10:00:00.600000+00:00,27.800009159611736,-82.49998964525315,45.053758946182455,4.0,15.0,2.0,150.0,50.0
7,2024-01-15T10:00:00.700000+00:00,27.8000104681277,-82.49998816600353,44.7506702354187,4.0,15.0,2.0,150.0,50.0
8,2024-01-15T10:00:00.800000+00:00,27.80001177664366,-82.4999866867539,44.607288790662196,4.0,15.0,2.0,150.0,50.0
9,2024-01-15T10:00:00.900000+00:00,27.800013085159623,-82.49998520750424,45.05816632237473,4.0,15.0,2.0,150.0,50.0
10,2024-01-15T10:00:01+00:00,27.800014393675585,-82.49998372825456,45.29797491106056,4.0,15.0,2.0,150.0,50.0
11,2024-01-15T10:00:01.100000+00:00,27.800015702191548,-82.49998224900487,44.80590551083575,4.0,15.0,2.0,150.0,50.0
12,2024-01-15T10:00:01.200000+00:00,27.80001701070751,-82.49998076975517,44.8998996048613,4.0,15.0,2.0,150.0,50.0
13,2024-01-15T10:00:01.300000+00:00,27.800018319223472,-82.49997929050544,45.4937015281748,4.0,15.0,2.0,150.0,50.0
14,2024-01-15T10:00:01.400000+00:00,27.800019627739434,-82.49997781125569,44.83233307024552,4.0,15.0,2.0,150.0,50.0
15,2024-01-15T10:00:01.500000+00:00,27.800020936255397,-82.49997633200593,44.845753001084184,4.0,15.0,2.0,150.0,50.0
16,2024-01-15T10:00:01.600000+00:00,27.80002224477136,-82.49997485275615,45.72123579968957,4.0,15.0,2.0,150.0,50.0
17,2024-01-15T10:00:01.700000+00:00,27.80002355328732,-82.49997337350635,44.540675222137914,4.0,15.0,2.0,150.0,50.0
18,2024-01-15T10:00:01.800000+00:00,27.800024861803283,-82.49997189425653,45.238939752088065,4.0,15.0,2.0,150.0,50.0
19,2024-01-15T10:00:01.900000+00:00,27.800026170319246,-82.4999704150067,44.39890544485458,4.0,15.0,2.0,150.0,50.0
20,2024-01-15T10:00:02+00:00,27.800027478835208,-82.49996893575685,44.82091117557429,4.0,15.0,2.0,150.0,50.0
21,2024-01-15T10:00:02.100000+00:00,27.80002878735117,-82.49996745650698,45.45110426474458,4.0,15.0,2.0,150.0,50.0
22,2024-01-15T10:00:02.200000+00:00,27.800030095867132,-82.49996597725709,45.366430923923005,4.0,15.0,2.0,150.0,50.0
23,2024-01-15T10:00:02.300000+00:00,27.800031404383095,-82.49996449800719,44.72966395488138,4.0,15.0,2.0,150.0,50.0
24,2024-01-15T10:00:02.400000+00:00,27.800032712899057,-82.49996301875727,44.863890380962616,4.0,15.0,2.0,150.0,50.0
25,2024-01-15T10:00:02.500000+00:00,27.80003402141502,-82.49996153950732,45.024069912723185,4.0,15.0,2.0,150.0,50.0
26,2024-01-15T10:00:02.600000+00:00,27.80003532993098,-82.49996006025737,44.62256901068266,4.0,15.0,2.0,150.0,50.0
27,2024-01-15T10:00:02.700000+00:00,27.800036638446944,-82.49995858100739,45.1656660015183,4.0,15.0,2.0,150.0,50.0
28,2024-01-15T10:00:02.800000+00:00,27.800037946962906,-82.4999571017574,45.66827318762107,4.0,15.0,2.0,150.0,50.0
29,2024-01-15T10:00:02.900000+00:00,27.80003925547887,-82.49995562250739,44.59342755193462,4.0,15.0,2.0,150.0,50.0
30,2024-01-15T10:00:03+00:00,27.80004056399483,-82.49995414325736,44.40554007613402,4.0,15.0,2.0,150.0,50.0
31,2024-01-15T10:00:03.100000+00:00,27.800041872510793,-82.49995266400731,45.086473123674324,4.0,15.0,2.0,150.0,50.0
32,2024-01-15T10:00:03.200000+00:00,27.800043181026755,-82.49995118475724,44.96426300667463,4.0,15.0,2.0,150.0,50.0
33,2024-01-15T10:00:03.300000+00:00,27.800044489542717,-82.49994970550715,45.54129897957586,4.0,15.0,2.0,150.0,50.0
34,2024-01-15T10:00:03.400000+00:00,27.80004579805868,-82.49994822625705,44.9518913462829,4.0,15.0,2.0,150.0,50.0
35,2024-01-15T10:00:03.500000+00:00,27.80004710657464,-82.49994674700693,44.984802085905386,4.0,15.0,2.0,150.0,50.0
36,2024-01-15T10:00:03.600000+00:00,27.800048415090604,-82.49994526775679,44.94273783311962,4.0,15.0,2.0,150.0,50.0
37,2024-01-15T10:00:03.700000+00:00,27.800049723606566,-82.49994378850663,44.70281812849551,4.0,15.0,2.0,150.0,50.0
38,2024-01-15T10:00:03.800000+00:00,27.80005103212253,-82.49994230925645,45.20190899520762,4.0,15.0,2.0,150.0,50.0
39,2024-01-15T10:00:03.900000+00:00,27.80005234063849,-82.49994083000627,44.60277526065839,4.0,15.0,2.0,150.0,50.0
40,2024-01-15T10:00:04+00:00,27.800053649154453,-82.49993935075605,45.34994704147156,4.0,15.0,2.0,150.0,50.0
41,2024-01-15T10:00:04.100000+00:00,27.800054957670415,-82.49993787150582,45.00251285385061,4.0,15.0,2.0,150.0,50.0
42,2024-01-15T10:00:04.200000+00:00,27.800056266186377,-82.49993639225558,45.15108901691355,4.0,15.0,2.0,150.0,50.0
43,2024-01-15T10:00:04.300000+00:00,27.80005757470234,-82.49993491300532,44.834170590863785,4.0,15.0,2.0,150.0,50.0
44,2024-01-15T10:00:04.400000+00:00,27.800058883218302,-82.49993343375503,44.72394189964994,4.0,15.0,2.0,150.0,50.0
45,2024-01-15T10:00:04.500000+00:00,27.800060191734264,-82.49993195450473,45.54007900813239,4.0,15.0,2.0,150.0,50.0
46,2024-01-15T10:00:04.600000+00:00,27.800061500250226,-82.49993047525442,45.14056493467584,4.0,15.0,2.0,150.0,50.0
47,2024-01-15T10:00:04.700000+00:00,27.80006280876619,-82.49992899600409,45.3621009538096,4.0,15.0,2.0,150.0,50.0
48,2024-01-15T10:00:04.800000+00:00,27.80006411728215,-82.49992751675373,45.056136869339944,4.0,15.0,2.0,150.0,50.0
49,2024-01-15T10:00:04.900000+00:00,27.800065425798113,-82.49992603750336,45.78348225817681,4.0,15.0,2.0,150.0,50.0
50,2024-01-15T10:00:05+00:00,27.800066734314075,-82.49992455825297,45.107250014509326,4.0,15.0,2.0,150.0,50.0
51,2024-01-15T10:00:05.100000+00:00,27.800068042830038,-82.49992307900257,44.69105855863908,4.0,15.0,2.0,150.0,50.0
52,2024-01-15T10:00:05.200000+00:00,27.800069351346,-82.49992159975214,45.230552729086256,4.0,15.0,2.0,150.0,50.0
53,2024-01-15T10:00:05.300000+00:00,27.800070659861962,-82.4999201205017,45.127589734757294,4.0,15.0,2.0,150.0,50.0
54,2024-01-15T10:00:05.400000+00:00,27.800071968377924,-82.49991864125124,44.30365500795223,4.0,15.0,2.0,150.0,50.0
55,2024-01-15T10:00:05.500000+00:00,27.800073276893887,-82.49991716200077,44.96522873128161,4.0,15.0,2.0,150.0,50.0
56,2024-01-15T10:00:05.600000+00:00,27.80007458540985,-82.49991568275027,45.294059706355206,4.0,15.0,2.0,150.0,50.0
57,2024-01-15T10:00:05.700000+00:00,27.80007589392581,-82.49991420349976,45.24034951203503,4.0,15.0,2.0,150.0,50.0
58,2024-01-15T10:00:05.800000+00:00,27.800077202441773,-82.49991272424923,44.8981693775061,4.0,15.0,2.0,150.0,50.0
59,2024-01-15T10:00:05.900000+00:00,27.800078510957736,-82.49991124499869,44.63621273548584,4.0,15.0,2.0,150.0,50.0
60,2024-01-15T10:00:06+00:00,27.800079819473698,-82.49990976574811,45.14738806479223,4.0,15.0,2.0,150.0,50.0
61,2024-01-15T10:00:06.100000+00:00,27.80008112798966,-82.49990828649753,44.65625161624838,4.0,15.0,2.0,150.0,50.0
62,2024-01-15T10:00:06.200000+00:00,27.800082436505622,-82.49990680724693,45.39740359872314,4.0,15.0,2.0,150.0,50.0
63,2024-01-15T10:00:06.300000+00:00,27.800083745021585,-82.49990532799632,44.90811973602099,4.0,15.0,2.0,150.0,50.0
64,2024-01-15T10:00:06.400000+00:00,27.800085053537547,-82.49990384874567,44.72255429895774,4.0,15.0,2.0,150.0,50.0
65,2024-01-15T10:00:06.500000+00:00,27.80008636205351,-82.49990236949502,44.8297002240019,4.0,15.0,2.0,150.0,50.0
66,2024-01-15T10:00:06.600000+00:00,27.80008767056947,-82.49990089024435,44.756733356080495,4.0,15.0,2.0,150.0,50.0
67,2024-01-15T10:00:06.700000+00:00,27.800088979085434,-82.49989941099366,44.83178480625472,4.0,15.0,2.0,150.0,50.0
68,2024-01-15T10:00:06.800000+00:00,27.800090287601396,-82.49989793174295,44.77908476885878,4.0,15.0,2.0,150.0,50.0
69,2024-01-15T10:00:06.900000+00:00,27.80009159611736,-82.49989645249222,44.886297442989886,4.0,15.0,2.0,150.0,50.0
70,2024-01-15T10:00:07+00:00,27.80009290463332,-82.49989497324148,45.07169090977095,4.0,15.0,2.0,150.0,50.0
71,2024-01-15T10:00:07.100000+00:00,27.800094213149283,-82.49989349399073,45.17906672183906,4.0,15.0,2.0,150.0,50.0
72,2024-01-15T10:00:07.200000+00:00,27.800095521665245,-82.49989201473994,44.66692701764171,4.0,15.0,2.0,150.0,50.0
73,2024-01-15T10:00:07.300000+00:00,27.800096830181207,-82.49989053548914,44.714538618130206,4.0,15.0,2.0,150.0,50.0
74,2024-01-15T10:00:07.400000+00:00,27.80009813869717,-82.49988905623833,44.87125424720956,4.0,15.0,2.0,150.0,50.0
75,2024-01-15T10:00:07.500000+00:00,27.80009944721313,-82.4998875769875,45.01912367783747,4.0,15.0,2.0,150.0,50.0
76,2024-01-15T10:00:07.600000+00:00,27.800100755729094,-82.49988609773665,45.0293188115187,4.0,15.0,2.0,150.0,50.0
77,2024-01-15T10:00:07.700000+00:00,27.800102064245056,-82.49988461848578,44.38680554133917,4.0,15.0,2.0,150.0,50.0
78,2024-01-15T10:00:07.800000+00:00,27.80010337276102,-82.4998831392349,45.51120820520813,4.0,15.0,2.0,150.0,50.0
79,2024-01-15T10:00:07.900000+00:00,27.80010468127698,-82.499881659984,44.7329417944943,4.0,15.0,2.0,150.0,50.0
80,2024-01-15T10:00:08+00:00,27.800105989792943,-82.49988018073307,45.54509665848918,4.0,15.0,2.0,150.0,50.0
81,2024-01-15T10:00:08.100000+00:00,27.800107298308905,-82.49987870148213,44.59432349477798,4.0,15.0,2.0,150.0,50.0
82,2024-01-15T10:00:08.200000+00:00,27.800108606824868,-82.49987722223118,44.71074850466593,4.0,15.0,2.0,150.0,50.0
83,2024-01-15T10:00:08.300000+00:00,27.80010991534083,-82.49987574298021,44.92456951356451,4.0,15.0,2.0,150.0,50.0
84,2024-01-15T10:00:08.400000+00:00,27.800111223856792,-82.49987426372921,44.93319746600853,4.0,15.0,2.0,150.0,50.0
85,2024-01-15T10:00:08.500000+00:00,27.800112532372754,-82.4998727844782,44.76852650324063,4.0,15.0,2.0,150.0,50.0
86,2024-01-15T10:00:08.600000+00:00,27.800113840888717,-82.49987130522717,45.22046855737197,4.0,15.0,2.0,150.0,50.0
87,2024-01-15T10:00:08.700000+00:00,27.80011514940468,-82.49986982597613,44.45938976588293,4.0,15.0,2.0,150.0,50.0
88,2024-01-15T10:00:08.800000+00:00,27.80011645792064,-82.49986834672507,45.31651731894151,4.0,15.0,2.0,150.0,50.0
89,2024-01-15T10:00:08.900000+00:00,27.800117766436603,-82.49986686747398,44.754608100870406,4.0,15.0,2.0,150.0,50.0
90,2024-01-15T10:00:09+00:00,27.800119074952566,-82.49986538822289,45.37547989635765,4.0,15.0,2.0,150.0,50.0
91,2024-01-15T10:00:09.100000+00:00,27.800120383468528,-82.49986390897178,44.87738561514622,4.0,15.0,2.0,150.0,50.0
92,2024-01-15T10:00:09.200000+00:00,27.80012169198449,-82.49986242972064,44.58028303445316,4.0,15.0,2.0,150.0,50.0
93,2024-01-15T10:00:09.300000+00:00,27.800123000500452,-82.49986095046948,45.134734409517336,4.0,15.0,2.0,150.0,50.0
94,2024-01-15T10:00:09.400000+00:00,27.800124309016415,-82.49985947121831,45.669051302254346,4.0,15.0,2.0,150.0,50.0
95,2024-01-15T10:00:09.500000+00:00,27.800125617532377,-82.49985799196713,44.984265905324946,4.0,15.0,2.0,150.0,50.0
96,2024-01-15T10:00:09.600000+00:00,27.80012692604834,-82.49985651271592,45.033445480584234,4.0,15.0,2.0,150.0,50.0
97,2024-01-15T10:00:09.700000+00:00,27.8001282345643,-82.4998550334647,44.88018777384722,4.0,15.0,2.0,150.0,50.0
98,2024-01-15T10:00:09.800000+00:00,27.800129543080264,-82.49985355421346,44.73704152947651,4.0,15.0,2.0,150.0,50.0
99,2024-01-15T10:00:09.900000+00:00,27.800130851596226,-82.4998520749622,44.77460206394006,4.0,15.0,2.0,150.0,50.0
100,2024-01-15T10:00:10+00:00,27.800132160112188,-82.49985059571092,44.60378513779952,4.0,15.0,2.0,150.0,50.0
101,2024-01-15T10:00:10.100000+00:00,27.80013346862815,-82.49984911645963,44.577290498603524,4.0,15.0,2.0,150.0,50.0
102,2024-01-15T10:00:10.200000+00:00,27.800134777144113,-82.49984763720832,45.02128140509809,4.0,15.0,2.0,150.0,50.0
103,2024-01-15T10:00:10.300000+00:00,27.800136085660075,-82.49984615795698,45.48602742861141,4.0,15.0,2.0,150.0,50.0
104,2024-01-15T10:00:10.400000+00:00,27.800137394176037,-82.49984467870563,45.15692868950776,4.0,15.0,2.0,150.0,50.0
105,2024-01-15T10:00:10.500000+00:00,27.800138702692,-82.49984319945426,45.142136343730506,4.0,15.0,2.0,150.0,50.0
106,2024-01-15T10:00:10.600000+00:00,27.80014001120796,-82.49984172020288,45.07458065869606,4.0,15.0,2.0,150.0,50.0
107,2024-01-15T10:00:10.700000+00:00,27.800141319723924,-82.49984024095147,44.74075815599329,4.0,15.0,2.0,150.0,50.0
108,2024-01-15T10:00:10.800000+00:00,27.800142628239886,-82.49983876170005,45.055593954187636,4.0,15.0,2.0,150.0,50.0
109,2024-01-15T10:00:10.900000+00:00,27.80014393675585,-82.49983728244861,44.87352569372851,4.0,15.0,2.0,150.0,50.0
110,2024-01-15T10:00:11+00:00,27.80014524527181,-82.49983580319716,45.28126667495949,4.0,15.0,2.0,150.0,50.0
111,2024-01-15T10:00:11.100000+00:00,27.800146553787773,-82.49983432394568,45.36906902395601,4.0,15.0,2.0,150.0,50.0
112,2024-01-15T10:00:11.200000+00:00,27.800147862303735,-82.49983284469418,45.37612236139139,4.0,15.0,2.0,150.0,50.0
113,2024-01-15T10:00:11.300000+00:00,27.800149170819697,-82.49983136544267,45.10987375425595,4.0,15.0,2.0,150.0,50.0
114,2024-01-15T10:00:11.400000+00:00,27.80015047933566,-82.49982988619115,45.31312682103317,4.0,15.0,2.0,150.0,50.0
115,2024-01-15T10:00:11.500000+00:00,27.80015178785162,-82.4998284069396,44.80132787136049,4.0,15.0,2.0,150.0,50.0
116,2024-01-15T10:00:11.600000+00:00,27.800153096367584,-82.49982692768803,44.97051854807947,4.0,15.0,2.0,150.0,50.0
117,2024-01-15T10:00:11.700000+00:00,27.800154404883546,-82.49982544843645,44.93674198292447,4.0,15.0,2.0,150.0,50.0
118,2024-01-15T10:00:11.800000+00:00,27.80015571339951,-82.49982396918486,44.72909799099831,4.0,15.0,2.0,150.0,50.0
119,2024-01-15T10:00:11.900000+00:00,27.80015702191547,-82.49982248993324,44.69272233795134,4.0,15.0,2.0,150.0,50.0
120,2024-01-15T10:00:12+00:00,27.800158330431433,-82.4998210106816,44.734511230815116,4.0,15.0,2.0,150.0,50.0
121,2024-01-15T10:00:12.100000+00:00,27.800159638947395,-82.49981953142995,44.86271824414476,4.0,15.0,2.0,150.0,50.0
122,2024-01-15T10:00:12.200000+00:00,27.800160947463358,-82.49981805217828,44.42310803916227,4.0,15.0,2.0,150.0,50.0
123,2024-01-15T10:00:12.300000+00:00,27.80016225597932,-82.49981657292659,45.613246097317216,4.0,15.0,2.0,150.0,50.0
124,2024-01-15T10:00:12.400000+00:00,27.800163564495282,-82.49981509367488,45.06111484417653,4.0,15.0,2.0,150.0,50.0
125,2024-01-15T10:00:12.500000+00:00,27.800164873011244,-82.49981361442316,45.0142231443181,4.0,15.0,2.0,150.0,50.0
126,2024-01-15T10:00:12.600000+00:00,27.800166181527207,-82.49981213517142,45.18615187562715,4.0,15.0,2.0,150.0,50.0
127,2024-01-15T10:00:12.700000+00:00,27.80016749004317,-82.49981065591966,44.953487935450916,4.0,15.0,2.0,150.0,50.0
128,2024-01-15T10:00:12.800000+00:00,27.80016879855913,-82.49980917666788,45.14688825490423,4.0,15.0,2.0,150.0,50.0
129,2024-01-15T10:00:12.900000+00:00,27.800170107075093,-82.49980769741609,45.14486291879128,4.0,15.0,2.0,150.0,50.0
130,2024-01-15T10:00:13+00:00,27.800171415591056,-82.49980621816428,45.221115107835075,4.0,15.0,2.0,150.0,50.0
131,2024-01-15T10:00:13.100000+00:00,27.800172724107018,-82.49980473891245,44.33018531521253,4.0,15.0,2.0,150.0,50.0
132,2024-01-15T10:00:13.200000+00:00,27.80017403262298,-82.4998032596606,45.31268518004073,4.0,15.0,2.0,150.0,50.0
133,2024-01-15T10:00:13.300000+00:00,27.800175341138942,-82.49980178040873,45.04506824477013,4.0,15.0,2.0,150.0,50.0
134,2024-01-15T10:00:13.400000+00:00,27.800176649654905,-82.49980030115685,45.18701265018394,4.0,15.0,2.0,150.0,50.0
135,2024-01-15T10:00:13.500000+00:00,27.800177958170867,-82.49979882190495,45.13858463176111,4.0,15.0,2.0,150.0,50.0
136,2024-01-15T10:00:13.600000+00:00,27.80017926668683,-82.49979734265303,45.07889881584049,4.0,15.0,2.0,150.0,50.0
137,2024-01-15T10:00:13.700000+00:00,27.80018057520279,-82.49979586340109,45.42563928888329,4.0,15.0,2.0,150.0,50.0
138,2024-01-15T10:00:13.800000+00:00,27.800181883718754,-82.49979438414914,44.88851733607691,4.0,15.0,2.0,150.0,50.0
139,2024-01-15T10:00:13.900000+00:00,27.800183192234716,-82.49979290489716,45.15284822997984,4.0,15.0,2.0,150.0,50.0
140,2024-01-15T10:00:14+00:00,27.800184500750678,-82.49979142564517,44.914983945151185,4.0,15.0,2.0,150.0,50.0
141,2024-01-15T10:00:14.100000+00:00,27.80018580926664,-82.49978994639316,44.998057143982926,4.0,15.0,2.0,150.0,50.0
142,2024-01-15T10:00:14.200000+00:00,27.800187117782603,-82.49978846714114,45.72040521177432,4.0,15.0,2.0,150.0,50.0
143,2024-01-15T10:00:14.300000+00:00,27.800188426298565,-82.4997869878891,45.52980310728106,4.0,15.0,2.0,150.0,50.0
144,2024-01-15T10:00:14.400000+00:00,27.800189734814527,-82.49978550863703,45.08845027241701,4.0,15.0,2.0,150.0,50.0
145,2024-01-15T10:00:14.500000+00:00,27.80019104333049,-82.49978402938495,45.268518833958844,4.0,15.0,2.0,150.0,50.0
146,2024-01-15T10:00:14.600000+00:00,27.80019235184645,-82.49978255013286,44.933930485016184,4.0,15.0,2.0,150.0,50.0
147,2024-01-15T10:00:14.700000+00:00,27.800193660362414,-82.49978107088074,44.43111807420617,4.0,15.0,2.0,150.0,50.0
148,2024-01-15T10:00:14.800000+00:00,27.800194968878376,-82.49977959162861,45.15933867683353,4.0,15.0,2.0,150.0,50.0
149,2024-01-15T10:00:14.900000+00:00,27.80019627739434,-82.49977811237646,44.91041334277548,4.0,15.0,2.0,150.0,50.0
150,2024-01-15T10:00:15+00:00,27.8001975859103,-82.4997766331243,44.634672459603756,4.0,15.0,2.0,150.0,50.0
151,2024-01-15T10:00:15.100000+00:00,27.800198894426263,-82.49977515387211,44.308540301932496,4.0,15.0,2.0,150.0,50.0
152,2024-01-15T10:00:15.200000+00:00,27.800200202942225,-82.4997736746199,45.42088866117487,4.0,15.0,2.0,150.0,50.0
153,2024-01-15T10:00:15.300000+00:00,27.800201511458187,-82.49977219536768,45.16070777697366,4.0,15.0,2.0,150.0,50.0
154,2024-01-15T10:00:15.400000+00:00,27.80020281997415,-82.49977071611545,45.15497339941109,4.0,15.0,2.0,150.0,50.0
155,2024-01-15T10:00:15.500000+00:00,27.800204128490112,-82.49976923686319,44.77326706034585,4.0,15.0,2.0,150.0,50.0
156,2024-01-15T10:00:15.600000+00:00,27.800205437006074,-82.49976775761091,44.99825377224878,4.0,15.0,2.0,150.0,50.0
157,2024-01-15T10:00:15.700000+00:00,27.800206745522036,-82.49976627835862,45.40434041317804,4.0,15.0,2.0,150.0,50.0
158,2024-01-15T10:00:15.800000+00:00,27.800208054038,-82.49976479910632,44.82610556700993,4.0,15.0,2.0,150.0,50.0
159,2024-01-15T10:00:15.900000+00:00,27.80020936255396,-82.49976331985398,45.06594153432591,4.0,15.0,2.0,150.0,50.0
160,2024-01-15T10:00:16+00:00,27.800210671069923,-82.49976184060164,44.69675246451074,4.0,15.0,2.0,150.0,50.0
161,2024-01-15T10:00:16.100000+00:00,27.800211979585885,-82.49976036134927,45.05464399112886,4.0,15.0,2.0,150.0,50.0
162,2024-01-15T10:00:16.200000+00:00,27.800213288101848,-82.4997588820969,44.675575203951254,4.0,15.0,2.0,150.0,50.0
163,2024-01-15T10:00:16.300000+00:00,27.80021459661781,-82.4997574028445,44.84954061427802,4.0,15.0,2.0,150.0,50.0
164,2024-01-15T10:00:16.400000+00:00,27.800215905133772,-82.49975592359208,44.89380541915171,4.0,15.0,2.0,150.0,50.0
165,2024-01-15T10:00:16.500000+00:00,27.800217213649734,-82.49975444433964,45.261256727283566,4.0,15.0,2.0,150.0,50.0
166,2024-01-15T10:00:16.600000+00:00,27.800218522165697,-82.4997529650872,45.11935259026501,4.0,15.0,2.0,150.0,50.0
167,2024-01-15T10:00:16.700000+00:00,27.80021983068166,-82.49975148583472,44.80567627244892,4.0,15.0,2.0,150.0,50.0
168,2024-01-15T10:00:16.800000+00:00,27.80022113919762,-82.49975000658223,44.955937818588694,4.0,15.0,2.0,150.0,50.0
169,2024-01-15T10:00:16.900000+00:00,27.800222447713583,-82.49974852732973,44.98236203997881,4.0,15.0,2.0,150.0,50.0
170,2024-01-15T10:00:17+00:00,27.800223756229546,-82.49974704807721,44.98563646632445,4.0,15.0,2.0,150.0,50.0
171,2024-01-15T10:00:17.100000+00:00,27.800225064745508,-82.49974556882466,44.72893500252268,4.0,15.0,2.0,150.0,50.0
172,2024-01-15T10:00:17.200000+00:00,27.80022637326147,-82.4997440895721,45.23364894613563,4.0,15.0,2.0,150.0,50.0
173,2024-01-15T10:00:17.300000+00:00,27.800227681777432,-82.49974261031953,45.068991511094666,4.0,15.0,2.0,150.0,50.0
174,2024-01-15T10:00:17.400000+00:00,27.800228990293395,-82.49974113106694,45.04599635752158,4.0,15.0,2.0,150.0,50.0
175,2024-01-15T10:00:17.500000+00:00,27.800230298809357,-82.49973965181432,45.7407764466082,4.0,15.0,2.0,150.0,50.0
176,2024-01-15T10:00:17.600000+00:00,27.80023160732532,-82.49973817256169,44.85191330638169,4.0,15.0,2.0,150.0,50.0
177,2024-01-15T10:00:17.700000+00:00,27.80023291584128,-82.49973669330905,45.19794291035533,4.0,15.0,2.0,150.0,50.0
178,2024-01-15T10:00:17.800000+00:00,27.800234224357244,-82.49973521405637,44.53945586087502,4.0,15.0,2.0,150.0,50.0
179,2024-01-15T10:00:17.900000+00:00,27.800235532873206,-82.49973373480368,45.562425979154625,4.0,15.0,2.0,150.0,50.0
180,2024-01-15T10:00:18+00:00,27.800236841389168,-82.49973225555098,44.721151765018135,4.0,15.0,2.0,150.0,50.0
181,2024-01-15T10:00:18.100000+00:00,27.80023814990513,-82.49973077629826,44.68868087843846,4.0,15.0,2.0,150.0,50.0
182,2024-01-15T10:00:18.200000+00:00,27.800239458421093,-82.49972929704552,44.936274888813806,4.0,15.0,2.0,150.0,50.0
183,2024-01-15T10:00:18.300000+00:00,27.800240766937055,-82.49972781779276,44.7096066136259,4.0,15.0,2.0,150.0,50.0
184,2024-01-15T10:00:18.400000+00:00,27.800242075453017,-82.49972633853999,44.62621988929246,4.0,15.0,2.0,150.0,50.0
185,2024-01-15T10:00:18.500000+00:00,27.80024338396898,-82.4997248592872,45.22290188615302,4.0,15.0,2.0,150.0,50.0
186,2024-01-15T10:00:18.600000+00:00,27.80024469248494,-82.49972338003438,45.196061786726624,4.0,15.0,2.0,150.0,50.0
187,2024-01-15T10:00:18.700000+00:00,27.800246001000904,-82.49972190078155,45.00187773493895,4.0,15.0,2.0,150.0,50.0
188,2024-01-15T10:00:18.800000+00:00,27.800247309516866,-82.4997204215287,44.88773887877373,4.0,15.0,2.0,150.0,50.0
189,2024-01-15T10:00:18.900000+00:00,27.80024861803283,-82.49971894227585,45.19146226988793,4.0,15.0,2.0,150.0,50.0
190,2024-01-15T10:00:19+00:00,27.80024992654879,-82.49971746302296,44.80978691168168,4.0,15.0,2.0,150.0,50.0
191,2024-01-15T10:00:19.100000+00:00,27.800251235064753,-82.49971598377006,44.77757392960105,4.0,15.0,2.0,150.0,50.0
192,2024-01-15T10:00:19.200000+00:00,27.800252543580715,-82.49971450451714,45.275632542173575,4.0,15.0,2.0,150.0,50.0
193,2024-01-15T10:00:19.300000+00:00,27.800253852096677,-82.49971302526421,44.725830072521596,4.0,15.0,2.0,150.0,50.0
194,2024-01-15T10:00:19.400000+00:00,27.80025516061264,-82.49971154601126,44.73861126549959,4.0,15.0,2.0,150.0,50.0
195,2024-01-15T10:00:19.500000+00:00,27.800256469128602,-82.49971006675828,45.15590366398236,4.0,15.0,2.0,150.0,50.0
196,2024-01-15T10:00:19.600000+00:00,27.800257777644564,-82.4997085875053,44.90692902644546,4.0,15.0,2.0,150.0,50.0
197,2024-01-15T10:00:19.700000+00:00,27.800259086160526,-82.4997071082523,44.70194103741633,4.0,15.0,2.0,150.0,50.0
198,2024-01-15T10:00:19.800000+00:00,27.80026039467649,-82.49970562899927,44.951327662925756,4.0,15.0,2.0,150.0,50.0
199,2024-01-15T10:00:19.900000+00:00,27.80026170319245,-82.49970414974622,44.920913568383654,4.0,15.0,2.0,150.0,50.0
200,2024-01-15T10:00:20+00:00,27.800263011708413,-82.49970267049316,44.78116319176605,4.0,15.0,2.0,150.0,50.0
201,2024-01-15T10:00:20.100000+00:00,27.800264320224375,-82.49970119124009,45.07823950774521,4.0,15.0,2.0,150.0,50.0
202,2024-01-15T10:00:20.200000+00:00,27.800265628740338,-82.49969971198699,45.20134658675723,4.0,15.0,2.0,150.0,50.0
203,2024-01-15T10:00:20.300000+00:00,27.8002669372563,-82.49969823273388,45.30730533519209,4.0,15.0,2.0,150.0,50.0
204,2024-01-15T10:00:20.400000+00:00,27.800268245772262,-82.49969675348075,44.61606714962124,4.0,15.0,2.0,150.0,50.0
205,2024-01-15T10:00:20.500000+00:00,27.800269554288224,-82.4996952742276,45.03078518486353,4.0,15.0,2.0,150.0,50.0
206,2024-01-15T10:00:20.600000+00:00,27.800270862804187,-82.49969379497443,45.0214496095374,4.0,15.0,2.0,150.0,50.0
207,2024-01-15T10:00:20.700000+00:00,27.80027217132015,-82.49969231572125,44.37782959884184,4.0,15.0,2.0,150.0,50.0
208,2024-01-15T10:00:20.800000+00:00,27.80027347983611,-82.49969083646805,44.74067159426725,4.0,15.0,2.0,150.0,50.0
209,2024-01-15T10:00:20.900000+00:00,27.800274788352073,-82.49968935721483,45.008830453109994,4.0,15.0,2.0,150.0,50.0
210,2024-01-15T10:00:21+00:00,27.800276096868036,-82.49968787796159,44.46584815887978,4.0,15.0,2.0,150.0,50.0
211,2024-01-15T10:00:21.100000+00:00,27.800277405383998,-82.49968639870833,45.11274646489173,4.0,15.0,2.0,150.0,50.0
212,2024-01-15T10:00:21.200000+00:00,27.80027871389996,-82.49968491945506,45.38813395441214,4.0,15.0,2.0,150.0,50.0
213,2024-01-15T10:00:21.300000+00:00,27.800280022415922,-82.49968344020178,44.61194569315062,4.0,15.0,2.0,150.0,50.0
214,2024-01-15T10:00:21.400000+00:00,27.800281330931885,-82.49968196094846,45.439872945115305,4.0,15.0,2.0,150.0,50.0
215,2024-01-15T10:00:21.500000+00:00,27.800282639447847,-82.49968048169514,46.07148038882514,4.0,15.0,2.0,150.0,50.0
216,2024-01-15T10:00:21.600000+00:00,27.80028394796381,-82.4996790024418,44.916046464436164,4.0,15.0,2.0,150.0,50.0
217,2024-01-15T10:00:21.700000+00:00,27.80028525647977,-82.49967752318844,44.90704780387119,4.0,15.0,2.0,150.0,50.0
218,2024-01-15T10:00:21.800000+00:00,27.800286564995734,-82.49967604393505,44.86494495766774,4.0,15.0,2.0,150.0,50.0
219,2024-01-15T10:00:21.900000+00:00,27.800287873511696,-82.49967456468165,44.127641010303776,4.0,15.0,2.0,150.0,50.0
220,2024-01-15T10:00:22+00:00,27.800289182027658,-82.49967308542824,44.63135074807306,4.0,15.0,2.0,150.0,50.0
221,2024-01-15T10:00:22.100000+00:00,27.80029049054362,-82.49967160617481,45.26146227772504,4.0,15.0,2.0,150.0,50.0
222,2024-01-15T10:00:22.200000+00:00,27.800291799059583,-82.49967012692136,44.91601188973047,4.0,15.0,2.0,150.0,50.0
223,2024-01-15T10:00:22.300000+00:00,27.800293107575545,-82.49966864766789,45.19021278032651,4.0,15.0,2.0,150.0,50.0
224,2024-01-15T10:00:22.400000+00:00,27.800294416091507,-82.4996671684144,44.99579780882672,4.0,15.0,2.0,150.0,50.0
225,2024-01-15T10:00:22.500000+00:00,27.80029572460747,-82.4996656891609,44.97982069732467,4.0,15.0,2.0,150.0,50.0
226,2024-01-15T10:00:22.600000+00:00,27.80029703312343,-82.49966420990738,45.16228663184538,4.0,15.0,2.0,150.0,50.0
227,2024-01-15T10:00:22.700000+00:00,27.800298341639394,-82.49966273065384,44.6699473214115,4.0,15.0,2.0,150.0,50.0
228,2024-01-15T10:00:22.800000+00:00,27.800299650155356,-82.49966125140028,45.12334454339173,4.0,15.0,2.0,150.0,50.0
229,2024-01-15T10:00:22.900000+00:00,27.80030095867132,-82.49965977214671,45.08701762271448,4.0,15.0,2.0,150.0,50.0
230,2024-01-15T10:00:23+00:00,27.80030226718728,-82.49965829289312,44.63904554820872,4.0,15.0,2.0,150.0,50.0
231,2024-01-15T10:00:23.100000+00:00,27.800303575703243,-82.4996568136395,44.50798045615675,4.0,15.0,2.0,150.0,50.0
232,2024-01-15T10:00:23.200000+00:00,27.800304884219205,-82.49965533438588,44.8442943585789,4.0,15.0,2.0,150.0,50.0
233,2024-01-15T10:00:23.300000+00:00,27.800306192735167,-82.49965385513224,45.8167186572672,4.0,15.0,2.0,150.0,50.0
234,2024-01-15T10:00:23.400000+00:00,27.80030750125113,-82.49965237587857,45.47567104920229,4.0,15.0,2.0,150.0,50.0
235,2024-01-15T10:00:23.500000+00:00,27.800308809767092,-82.49965089662489,45.34642102157935,4.0,15.0,2.0,150.0,50.0
236,2024-01-15T10:00:23.600000+00:00,27.800310118283054,-82.49964941737119,44.90155065944613,4.0,15.0,2.0,150.0,50.0
237,2024-01-15T10:00:23.700000+00:00,27.800311426799016,-82.49964793811748,45.07469834894206,4.0,15.0,2.0,150.0,50.0
238,2024-01-15T10:00:23.800000+00:00,27.80031273531498,-82.49964645886374,44.94903590312089,4.0,15.0,2.0,150.0,50.0
239,2024-01-15T10:00:23.900000+00:00,27.80031404383094,-82.49964497960998,45.32556204951245,4.0,15.0,2.0,150.0,50.0
240,2024-01-15T10:00:24+00:00,27.800315352346903,-82.49964350035621,45.156793168765056,4.0,15.0,2.0,150.0,50.0
241,2024-01-15T10:00:24.100000+00:00,27.800316660862865,-82.49964202110243,44.42461038316478,4.0,15.0,2.0,150.0,50.0
242,2024-01-15T10:00:24.200000+00:00,27.800317969378828,-82.49964054184862,45.24336318822594,4.0,15.0,2.0,150.0,50.0
243,2024-01-15T10:00:24.300000+00:00,27.80031927789479,-82.4996390625948,45.27058025846524,4.0,15.0,2.0,150.0,50.0
244,2024-01-15T10:00:24.400000+00:00,27.800320586410752,-82.49963758334096,44.83829073238725,4.0,15.0,2.0,150.0,50.0
245,2024-01-15T10:00:24.500000+00:00,27.800321894926714,-82.4996361040871,44.77510715034166,4.0,15.0,2.0,150.0,50.0
246,2024-01-15T10:00:24.600000+00:00,27.800323203442677,-82.49963462483322,45.16795761269057,4.0,15.0,2.0,150.0,50.0
247,2024-01-15T10:00:24.700000+00:00,27.80032451195864,-82.49963314557932,44.825289197353776,4.0,15.0,2.0,150.0,50.0
248,2024-01-15T10:00:24.800000+00:00,27.8003258204746,-82.49963166632541,45.08585482718573,4.0,15.0,2.0,150.0,50.0
249,2024-01-15T10:00:24.900000+00:00,27.800327128990563,-82.49963018707149,45.010065508361315,4.0,15.0,2.0,150.0,50.0
250,2024-01-15T10:00:25+00:00,27.800328437506526,-82.49962870781754,44.83887206892307,4.0,15.0,2.0,150.0,50.0
251,2024-01-15T10:00:25.100000+00:00,27.800329746022488,-82.49962722856357,44.651944128762686,4.0,15.0,2.0,150.0,50.0
252,2024-01-15T10:00:25.200000+00:00,27.80033105453845,-82.49962574930959,45.66872876277279,4.0,15.0,2.0,150.0,50.0
253,2024-01-15T10:00:25.300000+00:00,27.800332363054412,-82.49962427005558,44.7663505469092,4.0,15.0,2.0,150.0,50.0
254,2024-01-15T10:00:25.400000+00:00,27.800333671570375,-82.49962279080155,45.0741617502986,4.0,15.0,2.0,150.0,50.0
255,2024-01-15T10:00:25.500000+00:00,27.800334980086337,-82.49962131154751,44.952838188175555,4.0,15.0,2.0,150.0,50.0
256,2024-01-15T10:00:25.600000+00:00,27.8003362886023,-82.49961983229346,44.99746473205332,4.0,15.0,2.0,150.0,50.0
257,2024-01-15T10:00:25.700000+00:00,27.80033759711826,-82.49961835303938,44.53362533508126,4.0,15.0,2.0,150.0,50.0
258,2024-01-15T10:00:25.800000+00:00,27.800338905634224,-82.49961687378529,44.73469465258054,4.0,15.0,2.0,150.0,50.0
259,2024-01-15T10:00:25.900000+00:00,27.800340214150186,-82.49961539453118,44.60769933959063,4.0,15.0,2.0,150.0,50.0
260,2024-01-15T10:00:26+00:00,27.800341522666148,-82.49961391527705,45.351241803839876,4.0,15.0,2.0,150.0,50.0
261,2024-01-15T10:00:26.100000+00:00,27.80034283118211,-82.4996124360229,44.75383535278862,4.0,15.0,2.0,150.0,50.0
262,2024-01-15T10:00:26.200000+00:00,27.800344139698073,-82.49961095676873,44.74066149185933,4.0,15.0,2.0,150.0,50.0
263,2024-01-15T10:00:26.300000+00:00,27.800345448214035,-82.49960947751455,45.26778734764318,4.0,15.0,2.0,150.0,50.0
264,2024-01-15T10:00:26.400000+00:00,27.800346756729997,-82.49960799826036,45.10446255477721,4.0,15.0,2.0,150.0,50.0
265,2024-01-15T10:00:26.500000+00:00,27.80034806524596,-82.49960651900614,45.38512032642922,4.0,15.0,2.0,150.0,50.0
266,2024-01-15T10:00:26.600000+00:00,27.80034937376192,-82.4996050397519,45.17140073040076,4.0,15.0,2.0,150.0,50.0
267,2024-01-15T10:00:26.700000+00:00,27.800350682277884,-82.49960356049765,45.00959163972389,4.0,15.0,2.0,150.0,50.0
268,2024-01-15T10:00:26.800000+00:00,27.800351990793846,-82.49960208124338,44.734928130877506,4.0,15.0,2.0,150.0,50.0
269,2024-01-15T10:00:26.900000+00:00,27.80035329930981,-82.49960060198909,45.458618339930865,4.0,15.0,2.0,150.0,50.0
270,2024-01-15T10:00:27+00:00,27.80035460782577,-82.49959912273478,44.9463949777064,4.0,15.0,2.0,150.0,50.0
271,2024-01-15T10:00:27.100000+00:00,27.800355916341733,-82.49959764348046,44.73270940103876,4.0,15.0,2.0,150.0,50.0
272,2024-01-15T10:00:27.200000+00:00,27.800357224857695,-82.49959616422612,44.936762020392656,4.0,15.0,2.0,150.0,50.0
273,2024-01-15T10:00:27.300000+00:00,27.800358533373657,-82.49959468497175,44.94021194587088,4.0,15.0,2.0,150.0,50.0
274,2024-01-15T10:00:27.400000+00:00,27.80035984188962,-82.49959320571737,45.43784294014547,4.0,15.0,2.0,150.0,50.0
275,2024-01-15T10:00:27.500000+00:00,27.800361150405582,-82.49959172646298,45.728399162138565,4.0,15.0,2.0,150.0,50.0
276,2024-01-15T10:00:27.600000+00:00,27.800362458921544,-82.49959024720857,44.926089069431,4.0,15.0,2.0,150.0,50.0
277,2024-01-15T10:00:27.700000+00:00,27.800363767437506,-82.49958876795414,45.291427732709266,4.0,15.0,2.0,150.0,50.0
278,2024-01-15T10:00:27.800000+00:00,27.80036507595347,-82.49958728869969,44.761484072716875,4.0,15.0,2.0,150.0,50.0
279,2024-01-15T10:00:27.900000+00:00,27.80036638446943,-82.49958580944522,44.925005107309104,4.0,15.0,2.0,150.0,50.0
280,2024-01-15T10:00:28+00:00,27.800367692985393,-82.49958433019074,44.780004709303746,4.0,15.0,2.0,150.0,50.0
281,2024-01-15T10:00:28.100000+00:00,27.800369001501355,-82.49958285093624,45.03051402931553,4.0,15.0,2.0,150.0,50.0
282,2024-01-15T10:00:28.200000+00:00,27.800370310017318,-82.49958137168171,45.18015009329934,4.0,15.0,2.0,150.0,50.0
283,2024-01-15T10:00:28.300000+00:00,27.80037161853328,-82.49957989242718,45.056359950498724,4.0,15.0,2.0,150.0,50.0
284,2024-01-15T10:00:28.400000+00:00,27.800372927049242,-82.49957841317263,44.886183277922605,4.0,15.0,2.0,150.0,50.0
285,2024-01-15T10:00:28.500000+00:00,27.800374235565204,-82.49957693391805,44.983399824185945,4.0,15.0,2.0,150.0,50.0
286,2024-01-15T10:00:28.600000+00:00,27.800375544081167,-82.49957545466346,44.78029671652692,4.0,15.0,2.0,150.0,50.0
287,2024-01-15T10:00:28.700000+00:00,27.80037685259713,-82.49957397540885,45.153034133827305,4.0,15.0,2.0,150.0,50.0
288,2024-01-15T10:00:28.800000+00:00,27.80037816111309,-82.49957249615423,44.88196224935824,4.0,15.0,2.0,150.0,50.0
289,2024-01-15T10:00:28.900000+00:00,27.800379469629053,-82.49957101689958,45.07008630270429,4.0,15.0,2.0,150.0,50.0
290,2024-01-15T10:00:29+00:00,27.800380778145016,-82.49956953764492,45.28557813160643,4.0,15.0,2.0,150.0,50.0
291,2024-01-15T10:00:29.100000+00:00,27.800382086660978,-82.49956805839024,44.81536941119317,4.0,15.0,2.0,150.0,50.0
292,2024-01-15T10:00:29.200000+00:00,27.80038339517694,-82.49956657913555,45.4432845798947,4.0,15.0,2.0,150.0,50.0
293,2024-01-15T10:00:29.300000+00:00,27.800384703692902,-82.49956509988083,44.30965642332712,4.0,15.0,2.0,150.0,50.0
294,2024-01-15T10:00:29.400000+00:00,27.800386012208865,-82.49956362062609,44.80982478324039,4.0,15.0,2.0,150.0,50.0
295,2024-01-15T10:00:29.500000+00:00,27.800387320724827,-82.49956214137134,45.28499863783445,4.0,15.0,2.0,150.0,50.0
296,2024-01-15T10:00:29.600000+00:00,27.80038862924079,-82.49956066211658,44.90147118887048,4.0,15.0,2.0,150.0,50.0
297,2024-01-15T10:00:29.700000+00:00,27.80038993775675,-82.49955918286179,44.69936287308431,4.0,15.0,2.0,150.0,50.0
298,2024-01-15T10:00:29.800000+00:00,27.800391246272714,-82.49955770360698,44.84342096216206,4.0,15.0,2.0,150.0,50.0
299,2024-01-15T10:00:29.900000+00:00,27.800392554788676,-82.49955622435216,45.46298869081744,4.0,15.0,2.0,150.0,50.0
300,2024-01-15T10:00:30+00:00,27.800393863304638,-82.49955474509733,45.53080192454224,4.0,15.0,2.0,150.0,50.0
301,2024-01-15T10:00:30.100000+00:00,27.8003951718206,-82.49955326584247,44.58505213480613,4.0,15.0,2.0,150.0,50.0
302,2024-01-15T10:00:30.200000+00:00,27.800396480336563,-82.49955178658759,44.79639522308898,4.0,15.0,2.0,150.0,50.0
303,2024-01-15T10:00:30.300000+00:00,27.800397788852525,-82.4995503073327,44.7918885609037,4.0,15.0,2.0,150.0,50.0
304,2024-01-15T10:00:30.400000+00:00,27.800399097368487,-82.49954882807779,45.422720948954456,4.0,15.0,2.0,150.0,50.0
305,2024-01-15T10:00:30.500000+00:00,27.80040040588445,-82.49954734882286,44.93185050088168,4.0,15.0,2.0,150.0,50.0
306,2024-01-15T10:00:30.600000+00:00,27.80040171440041,-82.49954586956791,45.11554961499852,4.0,15.0,2.0,150.0,50.0
307,2024-01-15T10:00:30.700000+00:00,27.800403022916374,-82.49954439031295,45.05072389850097,4.0,15.0,2.0,150.0,50.0
308,2024-01-15T10:00:30.800000+00:00,27.800404331432336,-82.49954291105797,44.99991265795625,4.0,15.0,2.0,150.0,50.0
309,2024-01-15T10:00:30.900000+00:00,27.8004056399483,-82.49954143180297,44.89342095430083,4.0,15.0,2.0,150.0,50.0
310,2024-01-15T10:00:31+00:00,27.80040694846426,-82.49953995254795,45.299802345795065,4.0,15.0,2.0,150.0,50.0
311,2024-01-15T10:00:31.100000+00:00,27.800408256980223,-82.49953847329292,45.01480105374242,4.0,15.0,2.0,150.0,50.0
312,2024-01-15T10:00:31.200000+00:00,27.800409565496185,-82.49953699403787,44.67501590060481,4.0,15.0,2.0,150.0,50.0
313,2024-01-15T10:00:31.300000+00:00,27.800410874012147,-82.49953551478279,44.961010142082344,4.0,15.0,2.0,150.0,50.0
314,2024-01-15T10:00:31.400000+00:00,27.80041218252811,-82.4995340355277,44.60320074895564,4.0,15.0,2.0,150.0,50.0
315,2024-01-15T10:00:31.500000+00:00,27.800413491044072,-82.4995325562726,45.02842364480022,4.0,15.0,2.0,150.0,50.0
316,2024-01-15T10:00:31.600000+00:00,27.800414799560034,-82.49953107701748,44.86478797407474,4.0,15.0,2.0,150.0,50.0
317,2024-01-15T10:00:31.700000+00:00,27.800416108075996,-82.49952959776233,44.71589803233159,4.0,15.0,2.0,150.0,50.0
318,2024-01-15T10:00:31.800000+00:00,27.80041741659196,-82.49952811850717,44.39340688621392,4.0,15.0,2.0,150.0,50.0
319,2024-01-15T10:00:31.900000+00:00,27.80041872510792,-82.499526639252,45.65968067004957,4.0,15.0,2.0,150.0,50.0
320,2024-01-15T10:00:32+00:00,27.800420033623883,-82.49952515999681,44.964374953282494,4.0,15.0,2.0,150.0,50.0
321,2024-01-15T10:00:32.100000+00:00,27.800421342139845,-82.49952368074159,45.51857183471918,4.0,15.0,2.0,150.0,50.0
322,2024-01-15T10:00:32.200000+00:00,27.800422650655808,-82.49952220148636,44.74329473441629,4.0,15.0,2.0,150.0,50.0
323,2024-01-15T10:00:32.300000+00:00,27.80042395917177,-82.49952072223111,45.1183994207562,4.0,15.0,2.0,150.0,50.0
324,2024-01-15T10:00:32.400000+00:00,27.800425267687732,-82.49951924297584,45.5512439429103,4.0,15.0,2.0,150.0,50.0
325,2024-01-15T10:00:32.500000+00:00,27.800426576203694,-82.49951776372055,45.233862710752575,4.0,15.0,2.0,150.0,50.0
326,2024-01-15T10:00:32.600000+00:00,27.800427884719657,-82.49951628446524,44.80751855700132,4.0,15.0,2.0,150.0,50.0
327,2024-01-15T10:00:32.700000+00:00,27.80042919323562,-82.49951480520993,44.3811957183829,4.0,15.0,2.0,150.0,50.0
328,2024-01-15T10:00:32.800000+00:00,27.80043050175158,-82.49951332595458,44.56971217628839,4.0,15.0,2.0,150.0,50.0
329,2024-01-15T10:00:32.900000+00:00,27.800431810267543,-82.49951184669922,45.13500697363326,4.0,15.0,2.0,150.0,50.0
330,2024-01-15T10:00:33+00:00,27.800433118783506,-82.49951036744385,45.22171878483121,4.0,15.0,2.0,150.0,50.0
331,2024-01-15T10:00:33.100000+00:00,27.800434427299468,-82.49950888818846,45.20536922304405,4.0,15.0,2.0,150.0,50.0
332,2024-01-15T10:00:33.200000+00:00,27.80043573581543,-82.49950740893304,45.02336133952138,4.0,15.0,2.0,150.0,50.0
333,2024-01-15T10:00:33.300000+00:00,27.800437044331392,-82.49950592967761,45.084833109333566,4.0,15.0,2.0,150.0,50.0
334,2024-01-15T10:00:33.400000+00:00,27.800438352847355,-82.49950445042217,45.198147064394256,4.0,15.0,2.0,150.0,50.0
335,2024-01-15T10:00:33.500000+00:00,27.800439661363317,-82.4995029711667,44.93280017171717,4.0,15.0,2.0,150.0,50.0
336,2024-01-15T10:00:33.600000+00:00,27.80044096987928,-82.49950149191122,45.120791307173654,4.0,15.0,2.0,150.0,50.0
337,2024-01-15T10:00:33.700000+00:00,27.80044227839524,-82.49950001265572,45.15849018154659,4.0,15.0,2.0,150.0,50.0
338,2024-01-15T10:00:33.800000+00:00,27.800443586911204,-82.4994985334002,44.72823370714675,4.0,15.0,2.0,150.0,50.0
339,2024-01-15T10:00:33.900000+00:00,27.800444895427166,-82.49949705414467,45.261604146659174,4.0,15.0,2.0,150.0,50.0
340,2024-01-15T10:00:34+00:00,27.800446203943128,-82.49949557488911,45.52184019733272,4.0,15.0,2.0,150.0,50.0
341,2024-01-15T10:00:34.100000+00:00,27.80044751245909,-82.49949409563354,45.731063116047594,4.0,15.0,2.0,150.0,50.0
342,2024-01-15T10:00:34.200000+00:00,27.800448820975053,-82.49949261637795,45.16907472628198,4.0,15.0,2.0,150.0,50.0
343,2024-01-15T10:00:34.300000+00:00,27.800450129491015,-82.49949113712235,44.98185983595487,4.0,15.0,2.0,150.0,50.0
344,2024-01-15T10:00:34.400000+00:00,27.800451438006977,-82.49948965786672,44.62402565123417,4.0,15.0,2.0,150.0,50.0
345,2024-01-15T10:00:34.500000+00:00,27.80045274652294,-82.49948817861107,45.25239215253891,4.0,15.0,2.0,150.0,50.0
346,2024-01-15T10:00:34.600000+00:00,27.8004540550389,-82.49948669935542,45.25221975461377,4.0,15.0,2.0,150.0,50.0
347,2024-01-15T10:00:34.700000+00:00,27.800455363554864,-82.49948522009974,44.75606276910213,4.0,15.0,2.0,150.0,50.0
348,2024-01-15T10:00:34.800000+00:00,27.800456672070826,-82.49948374084404,45.22956144492135,4.0,15.0,2.0,150.0,50.0
349,2024-01-15T10:00:34.900000+00:00,27.80045798058679,-82.49948226158833,44.868192449428236,4.0,15.0,2.0,150.0,50.0
350,2024-01-15T10:00:35+00:00,27.80045928910275,-82.4994807823326,44.64748333702867,4.0,15.0,2.0,150.0,50.0
351,2024-01-15T10:00:35.100000+00:00,27.800460597618713,-82.49947930307685,45.00345342280946,4.0,15.0,2.0,150.0,50.0
352,2024-01-15T10:00:35.200000+00:00,27.800461906134675,-82.49947782382108,44.90298769220524,4.0,15.0,2.0,150.0,50.0
353,2024-01-15T10:00:35.300000+00:00,27.800463214650637,-82.4994763445653,44.823356136812926,4.0,15.0,2.0,150.0,50.0
354,2024-01-15T10:00:35.400000+00:00,27.8004645231666,-82.4994748653095,44.83737591549027,4.0,15.0,2.0,150.0,50.0
355,2024-01-15T10:00:35.500000+00:00,27.800465831682562,-82.49947338605368,44.86585998820987,4.0,15.0,2.0,150.0,50.0
356,2024-01-15T10:00:35.600000+00:00,27.800467140198524,-82.49947190679784,44.587060258890354,4.0,15.0,2.0,150.0,50.0
357,2024-01-15T10:00:35.700000+00:00,27.800468448714486,-82.49947042754198,45.648702288543525,4.0,15.0,2.0,150.0,50.0
358,2024-01-15T10:00:35.800000+00:00,27.80046975723045,-82.49946894828611,45.44606692037615,4.0,15.0,2.0,150.0,50.0
359,2024-01-15T10:00:35.900000+00:00,27.80047106574641,-82.49946746903022,44.671646277299544,4.0,15.0,2.0,150.0,50.0
360,2024-01-15T10:00:36+00:00,27.800472374262373,-82.49946598977431,45.16581868913035,4.0,15.0,2.0,150.0,50.0
361,2024-01-15T10:00:36.100000+00:00,27.800473682778335,-82.49946451051838,45.037577450620965,4.0,15.0,2.0,150.0,50.0
362,2024-01-15T10:00:36.200000+00:00,27.800474991294298,-82.49946303126244,44.97729109753031,4.0,15.0,2.0,150.0,50.0
363,2024-01-15T10:00:36.300000+00:00,27.80047629981026,-82.49946155200648,45.52485141035769,4.0,15.0,2.0,150.0,50.0
364,2024-01-15T10:00:36.400000+00:00,27.800477608326222,-82.4994600727505,45.21748259460202,4.0,15.0,2.0,150.0,50.0
365,2024-01-15T10:00:36.500000+00:00,27.800478916842184,-82.4994585934945,44.668157590882586,4.0,15.0,2.0,150.0,50.0
366,2024-01-15T10:00:36.600000+00:00,27.800480225358147,-82.49945711423848,44.891757176784985,4.0,15.0,2.0,150.0,50.0
367,2024-01-15T10:00:36.700000+00:00,27.80048153387411,-82.49945563498245,44.466664397807804,4.0,15.0,2.0,150.0,50.0
368,2024-01-15T10:00:36.800000+00:00,27.80048284239007,-82.4994541557264,45.11536300850883,4.0,15.0,2.0,150.0,50.0
369,2024-01-15T10:00:36.900000+00:00,27.800484150906033,-82.49945267647033,45.05109604516222,4.0,15.0,2.0,150.0,50.0
370,2024-01-15T10:00:37+00:00,27.800485459421996,-82.49945119721424,45.05780880299591,4.0,15.0,2.0,150.0,50.0
371,2024-01-15T10:00:37.100000+00:00,27.800486767937958,-82.49944971795814,44.9375772266684,4.0,15.0,2.0,150.0,50.0
372,2024-01-15T10:00:37.200000+00:00,27.80048807645392,-82.49944823870202,45.01346872037647,4.0,15.0,2.0,150.0,50.0
373,2024-01-15T10:00:37.300000+00:00,27.800489384969882,-82.49944675944587,45.08535277738798,4.0,15.0,2.0,150.0,50.0
374,2024-01-15T10:00:37.400000+00:00,27.800490693485845,-82.49944528018972,45.57558229923401,4.0,15.0,2.0,150.0,50.0
375,2024-01-15T10:00:37.500000+00:00,27.800492002001807,-82.49944380093355,45.055449144026255,4.0,15.0,2.0,150.0,50.0
376,2024-01-15T10:00:37.600000+00:00,27.80049331051777,-82.49944232167735,44.91387389022677,4.0,15.0,2.0,150.0,50.0
377,2024-01-15T10:00:37.700000+00:00,27.80049461903373,-82.49944084242114,45.15528629601037,4.0,15.0,2.0,150.0,50.0
378,2024-01-15T10:00:37.800000+00:00,27.800495927549694,-82.49943936316491,45.26026105072068,4.0,15.0,2.0,150.0,50.0
379,2024-01-15T10:00:37.900000+00:00,27.800497236065656,-82.49943788390867,45.352687424214736,4.0,15.0,2.0,150.0,50.0
380,2024-01-15T10:00:38+00:00,27.800498544581618,-82.4994364046524,45.348871990841324,4.0,15.0,2.0,150.0,50.0
381,2024-01-15T10:00:38.100000+00:00,27.80049985309758,-82.49943492539612,44.93025922870292,4.0,15.0,2.0,150.0,50.0
382,2024-01-15T10:00:38.200000+00:00,27.800501161613543,-82.49943344613982,45.288186119233586,4.0,15.0,2.0,150.0,50.0
383,2024-01-15T10:00:38.300000+00:00,27.800502470129505,-82.4994319668835,44.793622484221515,4.0,15.0,2.0,150.0,50.0
384,2024-01-15T10:00:38.400000+00:00,27.800503778645467,-82.49943048762717,44.59582898718357,4.0,15.0,2.0,150.0,50.0
385,2024-01-15T10:00:38.500000+00:00,27.80050508716143,-82.49942900837081,44.797658357938836,4.0,15.0,2.0,150.0,50.0
386,2024-01-15T10:00:38.600000+00:00,27.80050639567739,-82.49942752911444,45.171474265293575,4.0,15.0,2.0,150.0,50.0
387,2024-01-15T10:00:38.700000+00:00,27.800507704193354,-82.49942604985806,44.52474268972173,4.0,15.0,2.0,150.0,50.0
388,2024-01-15T10:00:38.800000+00:00,27.800509012709316,-82.49942457060165,45.496474523987324,4.0,15.0,2.0,150.0,50.0
389,2024-01-15T10:00:38.900000+00:00,27.80051032122528,-82.49942309134522,44.97043199970413,4.0,15.0,2.0,150.0,50.0
390,2024-01-15T10:00:39+00:00,27.80051162974124,-82.49942161208878,45.16913979556272,4.0,15.0,2.0,150.0,50.0
391,2024-01-15T10:00:39.100000+00:00,27.800512938257203,-82.49942013283233,44.88626159938704,4.0,15.0,2.0,150.0,50.0
392,2024-01-15T10:00:39.200000+00:00,27.800514246773165,-82.49941865357584,44.604643336338036,4.0,15.0,2.0,150.0,50.0
393,2024-01-15T10:00:39.300000+00:00,27.800515555289127,-82.49941717431935,44.91054086661078,4.0,15.0,2.0,150.0,50.0
394,2024-01-15T10:00:39.400000+00:00,27.80051686380509,-82.49941569506284,45.15760503944571,4.0,15.0,2.0,150.0,50.0
395,2024-01-15T10:00:39.500000+00:00,27.800518172321052,-82.49941421580631,44.69400116902575,4.0,15.0,2.0,150.0,50.0
396,2024-01-15T10:00:39.600000+00:00,27.800519480837014,-82.49941273654976,45.07588638148303,4.0,15.0,2.0,150.0,50.0
397,2024-01-15T10:00:39.700000+00:00,27.800520789352976,-82.49941125729319,44.71226262856939,4.0,15.0,2.0,150.0,50.0
398,2024-01-15T10:00:39.800000+00:00,27.80052209786894,-82.49940977803661,44.498465993723094,4.0,15.0,2.0,150.0,50.0
399,2024-01-15T10:00:39.900000+00:00,27.8005234063849,-82.49940829878,44.69745720721116,4.0,15.0,2.0,150.0,50.0
400,2024-01-15T10:00:40+00:00,27.800524714900863,-82.49940681952337,45.13051565723594,4.0,15.0,2.0,150.0,50.0
401,2024-01-15T10:00:40.100000+00:00,27.800526023416825,-82.49940534026673,44.58099877536715,4.0,15.0,2.0,150.0,50.0
402,2024-01-15T10:00:40.200000+00:00,27.800527331932788,-82.49940386101008,45.19014154840343,4.0,15.0,2.0,150.0,50.0
403,2024-01-15T10:00:40.300000+00:00,27.80052864044875,-82.4994023817534,45.00028755905405,4.0,15.0,2.0,150.0,50.0
404,2024-01-15T10:00:40.400000+00:00,27.800529948964712,-82.4994009024967,44.770308578992164,4.0,15.0,2.0,150.0,50.0
405,2024-01-15T10:00:40.500000+00:00,27.800531257480674,-82.49939942323999,44.99009675511872,4.0,15.0,2.0,150.0,50.0
406,2024-01-15T10:00:40.600000+00:00,27.800532565996637,-82.49939794398327,45.54492667216239,4.0,15.0,2.0,150.0,50.0
407,2024-01-15T10:00:40.700000+00:00,27.8005338745126,-82.49939646472652,45.23833886095134,4.0,15.0,2.0,150.0,50.0
408,2024-01-15T10:00:40.800000+00:00,27.80053518302856,-82.49939498546975,45.23860528588313,4.0,15.0,2.0,150.0,50.0
409,2024-01-15T10:00:40.900000+00:00,27.800536491544523,-82.49939350621297,44.9106036313242,4.0,15.0,2.0,150.0,50.0
410,2024-01-15T10:00:41+00:00,27.800537800060486,-82.49939202695617,44.54192003173011,4.0,15.0,2.0,150.0,50.0
411,2024-01-15T10:00:41.100000+00:00,27.800539108576448,-82.49939054769935,45.29854634776471,4.0,15.0,2.0,150.0,50.0
412,2024-01-15T10:00:41.200000+00:00,27.80054041709241,-82.49938906844251,45.39696891910226,4.0,15.0,2.0,150.0,50.0
413,2024-01-15T10:00:41.300000+00:00,27.800541725608372,-82.49938758918566,45.16372540399747,4.0,15.0,2.0,150.0,50.0
414,2024-01-15T10:00:41.400000+00:00,27.800543034124335,-82.49938610992879,45.17195262693398,4.0,15.0,2.0,150.0,50.0
415,2024-01-15T10:00:41.500000+00:00,27.800544342640297,-82.4993846306719,45.17704206233687,4.0,15.0,2.0,150.0,50.0
416,2024-01-15T10:00:41.600000+00:00,27.80054565115626,-82.49938315141499,45.04881936501539,4.0,15.0,2.0,150.0,50.0
417,2024-01-15T10:00:41.700000+00:00,27.80054695967222,-82.49938167215807,44.91111945901502,4.0,15.0,2.0,150.0,50.0
418,2024-01-15T10:00:41.800000+00:00,27.800548268188184,-82.49938019290113,45.304153044553615,4.0,15.0,2.0,150.0,50.0
419,2024-01-15T10:00:41.900000+00:00,27.800549576704146,-82.49937871364416,45.06986251095179,4.0,15.0,2.0,150.0,50.0
420,2024-01-15T10:00:42+00:00,27.800550885220108,-82.49937723438718,44.40226744239921,4.0,15.0,2.0,150.0,50.0
421,2024-01-15T10:00:42.100000+00:00,27.80055219373607,-82.49937575513019,45.03070714725534,4.0,15.0,2.0,150.0,50.0
422,2024-01-15T10:00:42.200000+00:00,27.800553502252033,-82.49937427587318,44.90811123765541,4.0,15.0,2.0,150.0,50.0
423,2024-01-15T10:00:42.300000+00:00,27.800554810767995,-82.49937279661614,44.5606150114333,4.0,15.0,2.0,150.0,50.0
424,2024-01-15T10:00:42.400000+00:00,27.800556119283957,-82.49937131735909,45.51216740909522,4.0,15.0,2.0,150.0,50.0
425,2024-01-15T10:00:42.500000+00:00,27.80055742779992,-82.49936983810203,45.71788798861258,4.0,15.0,2.0,150.0,50.0
426,2024-01-15T10:00:42.600000+00:00,27.80055873631588,-82.49936835884495,44.64998350629912,4.0,15.0,2.0,150.0,50.0
427,2024-01-15T10:00:42.700000+00:00,27.800560044831844,-82.49936687958784,45.218625649323606,4.0,15.0,2.0,150.0,50.0
428,2024-01-15T10:00:42.800000+00:00,27.800561353347806,-82.49936540033072,44.9295017632571,4.0,15.0,2.0,150.0,50.0
429,2024-01-15T10:00:42.900000+00:00,27.80056266186377,-82.49936392107358,45.06083981697783,4.0,15.0,2.0,150.0,50.0
430,2024-01-15T10:00:43+00:00,27.80056397037973,-82.49936244181643,44.83098559213307,4.0,15.0,2.0,150.0,50.0
431,2024-01-15T10:00:43.100000+00:00,27.800565278895693,-82.49936096255925,45.031263597509415,4.0,15.0,2.0,150.0,50.0
432,2024-01-15T10:00:43.200000+00:00,27.800566587411655,-82.49935948330206,45.40723600460542,4.0,15.0,2.0,150.0,50.0
433,2024-01-15T10:00:43.300000+00:00,27.800567895927617,-82.49935800404485,45.08424236366571,4.0,15.0,2.0,150.0,50.0
434,2024-01-15T10:00:43.400000+00:00,27.80056920444358,-82.49935652478763,44.903104257790005,4.0,15.0,2.0,150.0,50.0
435,2024-01-15T10:00:43.500000+00:00,27.800570512959542,-82.49935504553038,44.89686029952167,4.0,15.0,2.0,150.0,50.0
436,2024-01-15T10:00:43.600000+00:00,27.800571821475504,-82.49935356627311,44.73628718990616,4.0,15.0,2.0,150.0,50.0
437,2024-01-15T10:00:43.700000+00:00,27.800573129991466,-82.49935208701584,44.91588031454881,4.0,15.0,2.0,150.0,50.0
438,2024-01-15T10:00:43.800000+00:00,27.80057443850743,-82.49935060775854,44.61393378712299,4.0,15.0,2.0,150.0,50.0
439,2024-01-15T10:00:43.900000+00:00,27.80057574702339,-82.49934912850122,45.347261105517234,4.0,15.0,2.0,150.0,50.0
440,2024-01-15T10:00:44+00:00,27.800577055539353,-82.49934764924389,44.38181285003007,4.0,15.0,2.0,150.0,50.0
441,2024-01-15T10:00:44.100000+00:00,27.800578364055315,-82.49934616998654,45.03764659330742,4.0,15.0,2.0,150.0,50.0
442,2024-01-15T10:00:44.200000+00:00,27.800579672571278,-82.49934469072917,44.74077680313403,4.0,15.0,2.0,150.0,50.0
443,2024-01-15T10:00:44.300000+00:00,27.80058098108724,-82.49934321147178,44.78522321082873,4.0,15.0,2.0,150.0,50.0
444,2024-01-15T10:00:44.400000+00:00,27.800582289603202,-82.49934173221438,44.81642222851183,4.0,15.0,2.0,150.0,50.0
445,2024-01-15T10:00:44.500000+00:00,27.800583598119164,-82.49934025295696,44.798727170207044,4.0,15.0,2.0,150.0,50.0
446,2024-01-15T10:00:44.600000+00:00,27.800584906635127,-82.49933877369952,45.32270859128846,4.0,15.0,2.0,150.0,50.0
447,2024-01-15T10:00:44.700000+00:00,27.80058621515109,-82.49933729444206,45.3199779687861,4.0,15.0,2.0,150.0,50.0
448,2024-01-15T10:00:44.800000+00:00,27.80058752366705,-82.49933581518458,44.619144263557374,4.0,15.0,2.0,150.0,50.0
449,2024-01-15T10:00:44.900000+00:00,27.800588832183013,-82.49933433592709,44.63306546114018,4.0,15.0,2.0,150.0,50.0
450,2024-01-15T10:00:45+00:00,27.800590140698976,-82.49933285666958,45.46122168099399,4.0,15.0,2.0,150.0,50.0
451,2024-01-15T10:00:45.100000+00:00,27.800591449214938,-82.49933137741205,45.47361082804459,4.0,15.0,2.0,150.0,50.0
452,2024-01-15T10:00:45.200000+00:00,27.8005927577309,-82.4993298981545,45.20414246665235,4.0,15.0,2.0,150.0,50.0
453,2024-01-15T10:00:45.300000+00:00,27.800594066246862,-82.49932841889694,44.362750845929206,4.0,15.0,2.0,150.0,50.0
454,2024-01-15T10:00:45.400000+00:00,27.800595374762825,-82.49932693963936,45.31566975071003,4.0,15.0,2.0,150.0,50.0
455,2024-01-15T10:00:45.500000+00:00,27.800596683278787,-82.49932546038175,44.67439625665268,4.0,15.0,2.0,150.0,50.0
456,2024-01-15T10:00:45.600000+00:00,27.80059799179475,-82.49932398112414,45.13414755338789,4.0,15.0,2.0,150.0,50.0
457,2024-01-15T10:00:45.700000+00:00,27.80059930031071,-82.4993225018665,44.662735992430434,4.0,15.0,2.0,150.0,50.0
458,2024-01-15T10:00:45.800000+00:00,27.800600608826674,-82.49932102260885,45.04295842531758,4.0,15.0,2.0,150.0,50.0
459,2024-01-15T10:00:45.900000+00:00,27.800601917342636,-82.49931954335118,44.81055193942191,4.0,15.0,2.0,150.0,50.0
460,2024-01-15T10:00:46+00:00,27.800603225858598,-82.49931806409349,45.06520196102047,4.0,15.0,2.0,150.0,50.0
461,2024-01-15T10:00:46.100000+00:00,27.80060453437456,-82.49931658483578,44.681261704523024,4.0,15.0,2.0,150.0,50.0
462,2024-01-15T10:00:46.200000+00:00,27.800605842890523,-82.49931510557806,45.013746529591614,4.0,15.0,2.0,150.0,50.0
463,2024-01-15T10:00:46.300000+00:00,27.800607151406485,-82.49931362632032,44.6695141232785,4.0,15.0,2.0,150.0,50.0
464,2024-01-15T10:00:46.400000+00:00,27.800608459922447,-82.49931214706255,45.02921043236264,4.0,15.0,2.0,150.0,50.0
465,2024-01-15T10:00:46.500000+00:00,27.80060976843841,-82.49931066780478,44.88490907209287,4.0,15.0,2.0,150.0,50.0
466,2024-01-15T10:00:46.600000+00:00,27.80061107695437,-82.49930918854699,45.672678547932755,4.0,15.0,2.0,150.0,50.0
467,2024-01-15T10:00:46.700000+00:00,27.800612385470334,-82.49930770928917,45.193786417466185,4.0,15.0,2.0,150.0,50.0
468,2024-01-15T10:00:46.800000+00:00,27.800613693986296,-82.49930623003134,44.357142577937495,4.0,15.0,2.0,150.0,50.0
469,2024-01-15T10:00:46.900000+00:00,27.80061500250226,-82.49930475077349,45.056022999477456,4.0,15.0,2.0,150.0,50.0
470,2024-01-15T10:00:47+00:00,27.80061631101822,-82.49930327151561,45.418107027150775,4.0,15.0,2.0,150.0,50.0
471,2024-01-15T10:00:47.100000+00:00,27.800617619534183,-82.49930179225773,44.84882868090496,4.0,15.0,2.0,150.0,50.0
472,2024-01-15T10:00:47.200000+00:00,27.800618928050145,-82.49930031299982,44.81165697028869,4.0,15.0,2.0,150.0,50.0
473,2024-01-15T10:00:47.300000+00:00,27.800620236566107,-82.4992988337419,44.90876132106215,4.0,15.0,2.0,150.0,50.0
474,2024-01-15T10:00:47.400000+00:00,27.80062154508207,-82.49929735448396,45.46202082429784,4.0,15.0,2.0,150.0,50.0
475,2024-01-15T10:00:47.500000+00:00,27.800622853598032,-82.499295875226,45.30756415127356,4.0,15.0,2.0,150.0,50.0
476,2024-01-15T10:00:47.600000+00:00,27.800624162113994,-82.49929439596802,45.39930987398543,4.0,15.0,2.0,150.0,50.0
477,2024-01-15T10:00:47.700000+00:00,27.800625470629956,-82.49929291671003,44.664439460492225,4.0,15.0,2.0,150.0,50.0
478,2024-01-15T10:00:47.800000+00:00,27.80062677914592,-82.49929143745202,44.90042188693014,4.0,15.0,2.0,150.0,50.0
479,2024-01-15T10:00:47.900000+00:00,27.80062808766188,-82.49928995819398,44.70306637344401,4.0,15.0,2.0,150.0,50.0
480,2024-01-15T10:00:48+00:00,27.800629396177843,-82.49928847893594,44.949859416266925,4.0,15.0,2.0,150.0,50.0
481,2024-01-15T10:00:48.100000+00:00,27.800630704693805,-82.49928699967788,45.13841994484845,4.0,15.0,2.0,150.0,50.0
482,2024-01-15T10:00:48.200000+00:00,27.800632013209768,-82.49928552041979,44.653557013253355,4.0,15.0,2.0,150.0,50.0
483,2024-01-15T10:00:48.300000+00:00,27.80063332172573,-82.49928404116169,45.173869411103915,4.0,15.0,2.0,150.0,50.0
484,2024-01-15T10:00:48.400000+00:00,27.800634630241692,-82.49928256190357,45.6220088918914,4.0,15.0,2.0,150.0,50.0
485,2024-01-15T10:00:48.500000+00:00,27.800635938757654,-82.49928108264544,44.67256521200252,4.0,15.0,2.0,150.0,50.0
486,2024-01-15T10:00:48.600000+00:00,27.800637247273617,-82.49927960338728,44.88167824201984,4.0,15.0,2.0,150.0,50.0
487,2024-01-15T10:00:48.700000+00:00,27.80063855578958,-82.4992781241291,45.06933340578104,4.0,15.0,2.0,150.0,50.0
488,2024-01-15T10:00:48.800000+00:00,27.80063986430554,-82.49927664487092,45.07282341893138,4.0,15.0,2.0,150.0,50.0
489,2024-01-15T10:00:48.900000+00:00,27.800641172821503,-82.49927516561272,44.517037794641865,4.0,15.0,2.0,150.0,50.0
490,2024-01-15T10:00:49+00:00,27.800642481337466,-82.49927368635448,45.32035060183415,4.0,15.0,2.0,150.0,50.0
491,2024-01-15T10:00:49.100000+00:00,27.800643789853428,-82.49927220709624,45.062573396307,4.0,15.0,2.0,150.0,50.0
492,2024-01-15T10:00:49.200000+00:00,27.80064509836939,-82.49927072783798,44.971134496136266,4.0,15.0,2.0,150.0,50.0
493,2024-01-15T10:00:49.300000+00:00,27.800646406885352,-82.49926924857971,44.93163077254927,4.0,15.0,2.0,150.0,50.0
494,2024-01-15T10:00:49.400000+00:00,27.800647715401315,-82.4992677693214,45.67130490429125,4.0,15.0,2.0,150.0,50.0
495,2024-01-15T10:00:49.500000+00:00,27.800649023917277,-82.49926629006309,44.62699535161019,4.0,15.0,2.0,150.0,50.0
496,2024-01-15T10:00:49.600000+00:00,27.80065033243324,-82.49926481080476,44.97917054264512,4.0,15.0,2.0,150.0,50.0
497,2024-01-15T10:00:49.700000+00:00,27.8006516409492,-82.49926333154642,44.880462925026045,4.0,15.0,2.0,150.0,50.0
498,2024-01-15T10:00:49.800000+00:00,27.800652949465164,-82.49926185228804,45.255868441887564,4.0,15.0,2.0,150.0,50.0
499,2024-01-15T10:00:49.900000+00:00,27.800654257981126,-82.49926037302966,45.12105013888257,4.0,15.0,2.0,150.0,50.0
500,2024-01-15T10:00:50+00:00,27.80065556649709,-82.49925889377126,45.27269375536258,4.0,15.0,2.0,150.0,50.0
501,2024-01-15T10:00:50.100000+00:00,27.80065687501305,-82.49925741451284,45.05091455341932,4.0,15.0,2.0,150.0,50.0
502,2024-01-15T10:00:50.200000+00:00,27.800658183529013,-82.4992559352544,45.81031592225417,4.0,15.0,2.0,150.0,50.0
503,2024-01-15T10:00:50.300000+00:00,27.800659492044975,-82.49925445599594,45.05079797802641,4.0,15.0,2.0,150.0,50.0
504,2024-01-15T10:00:50.400000+00:00,27.800660800560937,-82.49925297673747,45.048200749425185,4.0,15.0,2.0,150.0,50.0
505,2024-01-15T10:00:50.500000+00:00,27.8006621090769,-82.49925149747898,44.89588648876501,4.0,15.0,2.0,150.0,50.0
506,2024-01-15T10:00:50.600000+00:00,27.80066341759286,-82.49925001822047,45.16063314824167,4.0,15.0,2.0,150.0,50.0
507,2024-01-15T10:00:50.700000+00:00,27.800664726108824,-82.49924853896194,44.8728508728415,4.0,15.0,2.0,150.0,50.0
508,2024-01-15T10:00:50.800000+00:00,27.800666034624786,-82.49924705970339,45.12584004594788,4.0,15.0,2.0,150.0,50.0
509,2024-01-15T10:00:50.900000+00:00,27.80066734314075,-82.49924558044484,45.43102873033907,4.0,15.0,2.0,150.0,50.0
510,2024-01-15T10:00:51+00:00,27.80066865165671,-82.49924410118625,45.142399615122805,4.0,15.0,2.0,150.0,50.0
511,2024-01-15T10:00:51.100000+00:00,27.800669960172673,-82.49924262192765,44.94181360713152,4.0,15.0,2.0,150.0,50.0
512,2024-01-15T10:00:51.200000+00:00,27.800671268688635,-82.49924114266904,45.28766155354556,4.0,15.0,2.0,150.0,50.0
513,2024-01-15T10:00:51.300000+00:00,27.800672577204598,-82.4992396634104,45.012994436346574,4.0,15.0,2.0,150.0,50.0
514,2024-01-15T10:00:51.400000+00:00,27.80067388572056,-82.49923818415175,45.403918643408176,4.0,15.0,2.0,150.0,50.0
515,2024-01-15T10:00:51.500000+00:00,27.800675194236522,-82.49923670489308,45.06306423523444,4.0,15.0,2.0,150.0,50.0
516,2024-01-15T10:00:51.600000+00:00,27.800676502752484,-82.4992352256344,45.122273072791465,4.0,15.0,2.0,150.0,50.0
517,2024-01-15T10:00:51.700000+00:00,27.800677811268447,-82.4992337463757,44.850628620292454,4.0,15.0,2.0,150.0,50.0
518,2024-01-15T10:00:51.800000+00:00,27.80067911978441,-82.49923226711697,45.20976636383235,4.0,15.0,2.0,150.0,50.0
519,2024-01-15T10:00:51.900000+00:00,27.80068042830037,-82.49923078785822,45.17890916962185,4.0,15.0,2.0,150.0,50.0
520,2024-01-15T10:00:52+00:00,27.800681736816333,-82.49922930859947,45.15324465206879,4.0,15.0,2.0,150.0,50.0
521,2024-01-15T10:00:52.100000+00:00,27.800683045332296,-82.4992278293407,44.95980201344439,4.0,15.0,2.0,150.0,50.0
522,2024-01-15T10:00:52.200000+00:00,27.800684353848258,-82.4992263500819,45.27826675188233,4.0,15.0,2.0,150.0,50.0
523,2024-01-15T10:00:52.300000+00:00,27.80068566236422,-82.49922487082308,44.9405831535441,4.0,15.0,2.0,150.0,50.0
524,2024-01-15T10:00:52.400000+00:00,27.800686970880182,-82.49922339156426,44.75385291500622,4.0,15.0,2.0,150.0,50.0
525,2024-01-15T10:00:52.500000+00:00,27.800688279396145,-82.49922191230542,45.04157369424767,4.0,15.0,2.0,150.0,50.0
526,2024-01-15T10:00:52.600000+00:00,27.800689587912107,-82.49922043304655,45.69759831353023,4.0,15.0,2.0,150.0,50.0
527,2024-01-15T10:00:52.700000+00:00,27.80069089642807,-82.49921895378766,44.709127233762494,4.0,15.0,2.0,150.0,50.0
528,2024-01-15T10:00:52.800000+00:00,27.80069220494403,-82.49921747452876,44.87429174444061,4.0,15.0,2.0,150.0,50.0
529,2024-01-15T10:00:52.900000+00:00,27.800693513459994,-82.49921599526985,44.8557472741309,4.0,15.0,2.0,150.0,50.0
530,2024-01-15T10:00:53+00:00,27.800694821975956,-82.49921451601091,45.13944009392285,4.0,15.0,2.0,150.0,50.0
531,2024-01-15T10:00:53.100000+00:00,27.800696130491918,-82.49921303675195,44.99382082498755,4.0,15.0,2.0,150.0,50.0
532,2024-01-15T10:00:53.200000+00:00,27.80069743900788,-82.49921155749298,44.847124701491154,4.0,15.0,2.0,150.0,50.0
533,2024-01-15T10:00:53.300000+00:00,27.800698747523843,-82.499210078234,44.914890508703465,4.0,15.0,2.0,150.0,50.0
534,2024-01-15T10:00:53.400000+00:00,27.800700056039805,-82.49920859897499,45.5795242273126,4.0,15.0,2.0,150.0,50.0
535,2024-01-15T10:00:53.500000+00:00,27.800701364555767,-82.49920711971596,44.565878308336444,4.0,15.0,2.0,150.0,50.0
536,2024-01-15T10:00:53.600000+00:00,27.80070267307173,-82.49920564045692,45.087606457508166,4.0,15.0,2.0,150.0,50.0
537,2024-01-15T10:00:53.700000+00:00,27.80070398158769,-82.49920416119787,44.753707365354465,4.0,15.0,2.0,150.0,50.0
538,2024-01-15T10:00:53.800000+00:00,27.800705290103654,-82.49920268193878,45.022627795300856,4.0,15.0,2.0,150.0,50.0
539,2024-01-15T10:00:53.900000+00:00,27.800706598619616,-82.49920120267969,45.50254697522079,4.0,15.0,2.0,150.0,50.0
540,2024-01-15T10:00:54+00:00,27.80070790713558,-82.49919972342057,44.920137344238924,4.0,15.0,2.0,150.0,50.0
541,2024-01-15T10:00:54.100000+00:00,27.80070921565154,-82.49919824416145,45.30266524947856,4.0,15.0,2.0,150.0,50.0
542,2024-01-15T10:00:54.200000+00:00,27.800710524167503,-82.4991967649023,45.15308011149627,4.0,15.0,2.0,150.0,50.0
543,2024-01-15T10:00:54.300000+00:00,27.800711832683465,-82.49919528564313,45.04578660948694,4.0,15.0,2.0,150.0,50.0
544,2024-01-15T10:00:54.400000+00:00,27.800713141199427,-82.49919380638394,45.11983455639195,4.0,15.0,2.0,150.0,50.0
545,2024-01-15T10:00:54.500000+00:00,27.80071444971539,-82.49919232712473,45.015559247467124,4.0,15.0,2.0,150.0,50.0
546,2024-01-15T10:00:54.600000+00:00,27.80071575823135,-82.4991908478655,45.28068462183357,4.0,15.0,2.0,150.0,50.0
547,2024-01-15T10:00:54.700000+00:00,27.800717066747314,-82.49918936860627,45.1390645770274,4.0,15.0,2.0,150.0,50.0
548,2024-01-15T10:00:54.800000+00:00,27.800718375263276,-82.49918788934701,44.531846196635406,4.0,15.0,2.0,150.0,50.0
549,2024-01-15T10:00:54.900000+00:00,27.80071968377924,-82.49918641008773,44.845356159671766,4.0,15.0,2.0,150.0,50.0
550,2024-01-15T10:00:55+00:00,27.8007209922952,-82.49918493082843,45.196794433812364,4.0,15.0,2.0,150.0,50.0
551,2024-01-15T10:00:55.100000+00:00,27.800722300811163,-82.49918345156912,45.24495590084623,4.0,15.0,2.0,150.0,50.0
552,2024-01-15T10:00:55.200000+00:00,27.800723609327125,-82.4991819723098,44.91778071162505,4.0,15.0,2.0,150.0,50.0
553,2024-01-15T10:00:55.300000+00:00,27.800724917843088,-82.49918049305045,44.904385022081314,4.0,15.0,2.0,150.0,50.0
554,2024-01-15T10:00:55.400000+00:00,27.80072622635905,-82.49917901379108,44.72912604246436,4.0,15.0,2.0,150.0,50.0
555,2024-01-15T10:00:55.500000+00:00,27.800727534875012,-82.4991775345317,45.09788384466075,4.0,15.0,2.0,150.0,50.0
556,2024-01-15T10:00:55.600000+00:00,27.800728843390974,-82.4991760552723,45.09828830020881,4.0,15.0,2.0,150.0,50.0
557,2024-01-15T10:00:55.700000+00:00,27.800730151906937,-82.49917457601288,44.967333352951805,4.0,15.0,2.0,150.0,50.0
558,2024-01-15T10:00:55.800000+00:00,27.8007314604229,-82.49917309675344,44.738227282072735,4.0,15.0,2.0,150.0,50.0
559,2024-01-15T10:00:55.900000+00:00,27.80073276893886,-82.49917161749399,45.169313114353606,4.0,15.0,2.0,150.0,50.0
560,2024-01-15T10:00:56+00:00,27.800734077454823,-82.49917013823452,44.963945590995955,4.0,15.0,2.0,150.0,50.0
561,2024-01-15T10:00:56.100000+00:00,27.800735385970786,-82.49916865897502,44.73866299106835,4.0,15.0,2.0,150.0,50.0
562,2024-01-15T10:00:56.200000+00:00,27.800736694486748,-82.49916717971551,45.07126363734928,4.0,15.0,2.0,150.0,50.0
563,2024-01-15T10:00:56.300000+00:00,27.80073800300271,-82.49916570045599,45.23960652803364,4.0,15.0,2.0,150.0,50.0
564,2024-01-15T10:00:56.400000+00:00,27.800739311518672,-82.49916422119645,44.27727852072297,4.0,15.0,2.0,150.0,50.0
565,2024-01-15T10:00:56.500000+00:00,27.800740620034635,-82.49916274193689,45.13369390572334,4.0,15.0,2.0,150.0,50.0
566,2024-01-15T10:00:56.600000+00:00,27.800741928550597,-82.4991612626773,45.06961516219154,4.0,15.0,2.0,150.0,50.0
567,2024-01-15T10:00:56.700000+00:00,27.80074323706656,-82.49915978341771,44.76863748816201,4.0,15.0,2.0,150.0,50.0
568,2024-01-15T10:00:56.800000+00:00,27.80074454558252,-82.4991583041581,44.57225675861722,4.0,15.0,2.0,150.0,50.0
569,2024-01-15T10:00:56.900000+00:00,27.800745854098484,-82.49915682489846,44.83627250467929,4.0,15.0,2.0,150.0,50.0
570,2024-01-15T10:00:57+00:00,27.800747162614446,-82.49915534563881,45.092279265872925,4.0,15.0,2.0,150.0,50.0
571,2024-01-15T10:00:57.100000+00:00,27.800748471130408,-82.49915386637915,44.687199326143066,4.0,15.0,2.0,150.0,50.0
572,2024-01-15T10:00:57.200000+00:00,27.80074977964637,-82.49915238711947,44.587667991012175,4.0,15.0,2.0,150.0,50.0
573,2024-01-15T10:00:57.300000+00:00,27.800751088162333,-82.49915090785976,45.30444542902354,4.0,15.0,2.0,150.0,50.0
574,2024-01-15T10:00:57.400000+00:00,27.800752396678295,-82.49914942860003,44.79404651939336,4.0,15.0,2.0,150.0,50.0
575,2024-01-15T10:00:57.500000+00:00,27.800753705194257,-82.4991479493403,45.09421487978092,4.0,15.0,2.0,150.0,50.0
576,2024-01-15T10:00:57.600000+00:00,27.80075501371022,-82.49914647008055,44.32432941905166,4.0,15.0,2.0,150.0,50.0
577,2024-01-15T10:00:57.700000+00:00,27.80075632222618,-82.49914499082077,45.203470399572936,4.0,15.0,2.0,150.0,50.0
578,2024-01-15T10:00:57.800000+00:00,27.800757630742144,-82.49914351156097,45.208880522759245,4.0,15.0,2.0,150.0,50.0
579,2024-01-15T10:00:57.900000+00:00,27.800758939258106,-82.49914203230117,45.26095220484518,4.0,15.0,2.0,150.0,50.0
580,2024-01-15T10:00:58+00:00,27.80076024777407,-82.49914055304134,44.775783139968006,4.0,15.0,2.0,150.0,50.0
581,2024-01-15T10:00:58.100000+00:00,27.80076155629003,-82.49913907378149,44.73813108789394,4.0,15.0,2.0,150.0,50.0
582,2024-01-15T10:00:58.200000+00:00,27.800762864805993,-82.49913759452163,45.00523339173431,4.0,15.0,2.0,150.0,50.0
583,2024-01-15T10:00:58.300000+00:00,27.800764173321955,-82.49913611526175,45.017455275697905,4.0,15.0,2.0,150.0,50.0
584,2024-01-15T10:00:58.400000+00:00,27.800765481837917,-82.49913463600186,44.868751641838095,4.0,15.0,2.0,150.0,50.0
585,2024-01-15T10:00:58.500000+00:00,27.80076679035388,-82.49913315674193,44.60460017399049,4.0,15.0,2.0,150.0,50.0
586,2024-01-15T10:00:58.600000+00:00,27.800768098869842,-82.499131677482,45.25234765377466,4.0,15.0,2.0,150.0,50.0
587,2024-01-15T10:00:58.700000+00:00,27.800769407385804,-82.49913019822205,45.0123400659623,4.0,15.0,2.0,150.0,50.0
588,2024-01-15T10:00:58.800000+00:00,27.800770715901766,-82.49912871896208,45.049345389416175,4.0,15.0,2.0,150.0,50.0
589,2024-01-15T10:00:58.900000+00:00,27.80077202441773,-82.49912723970209,44.58046932736712,4.0,15.0,2.0,150.0,50.0
590,2024-01-15T10:00:59+00:00,27.80077333293369,-82.49912576044208,44.83214795911684,4.0,15.0,2.0,150.0,50.0
591,2024-01-15T10:00:59.100000+00:00,27.800774641449653,-82.49912428118206,44.950996368917124,4.0,15.0,2.0,150.0,50.0
592,2024-01-15T10:00:59.200000+00:00,27.800775949965615,-82.49912280192203,44.908133962708696,4.0,15.0,2.0,150.0,50.0
593,2024-01-15T10:00:59.300000+00:00,27.800777258481578,-82.49912132266196,44.67392222855804,4.0,15.0,2.0,150.0,50.0
594,2024-01-15T10:00:59.400000+00:00,27.80077856699754,-82.49911984340189,44.778937874913005,4.0,15.0,2.0,150.0,50.0
595,2024-01-15T10:00:59.500000+00:00,27.800779875513502,-82.4991183641418,44.543842273962845,4.0,15.0,2.0,150.0,50.0
596,2024-01-15T10:00:59.600000+00:00,27.800781184029464,-82.49911688488169,45.05621529896225,4.0,15.0,2.0,150.0,50.0
597,2024-01-15T10:00:59.700000+00:00,27.800782492545427,-82.49911540562155,45.505196296058514,4.0,15.0,2.0,150.0,50.0
598,2024-01-15T10:00:59.800000+00:00,27.80078380106139,-82.4991139263614,44.83784843612701,4.0,15.0,2.0,150.0,50.0
599,2024-01-15T10:00:59.900000+00:00,27.80078510957735,-82.49911244710124,45.847471075454855,4.0,15.0,2.0,150.0,50.0
600,2024-01-15T10:01:00+00:00,27.800786418093313,-82.49911096784106,45.45143739432261,4.0,15.0,2.0,150.0,50.0
601,2024-01-15T10:01:00.100000+00:00,27.800787726609276,-82.49910948858086,45.42838880548649,4.0,15.0,2.0,150.0,50.0
602,2024-01-15T10:01:00.200000+00:00,27.800789035125238,-82.49910800932064,45.22355841523448,4.0,15.0,2.0,150.0,50.0
603,2024-01-15T10:01:00.300000+00:00,27.8007903436412,-82.4991065300604,45.058219960090824,4.0,15.0,2.0,150.0,50.0
604,2024-01-15T10:01:00.400000+00:00,27.800791652157162,-82.49910505080015,44.609278697397635,4.0,15.0,2.0,150.0,50.0
605,2024-01-15T10:01:00.500000+00:00,27.800792960673125,-82.49910357153988,44.935339718265546,4.0,15.0,2.0,150.0,50.0
606,2024-01-15T10:01:00.600000+00:00,27.800794269189087,-82.49910209227959,44.889365825509664,4.0,15.0,2.0,150.0,50.0
607,2024-01-15T10:01:00.700000+00:00,27.80079557770505,-82.49910061301928,45.08444985049034,4.0,15.0,2.0,150.0,50.0
608,2024-01-15T10:01:00.800000+00:00,27.80079688622101,-82.49909913375896,44.995986786172914,4.0,15.0,2.0,150.0,50.0
609,2024-01-15T10:01:00.900000+00:00,27.800798194736974,-82.49909765449861,45.24487907480041,4.0,15.0,2.0,150.0,50.0
610,2024-01-15T10:01:01+00:00,27.800799503252936,-82.49909617523825,45.021540023240824,4.0,15.0,2.0,150.0,50.0
611,2024-01-15T10:01:01.100000+00:00,27.800800811768898,-82.49909469597787,44.34385106159596,4.0,15.0,2.0,150.0,50.0
612,2024-01-15T10:01:01.200000+00:00,27.80080212028486,-82.49909321671748,44.93345078093386,4.0,15.0,2.0,150.0,50.0
613,2024-01-15T10:01:01.300000+00:00,27.800803428800823,-82.49909173745706,44.95452219188006,4.0,15.0,2.0,150.0,50.0
614,2024-01-15T10:01:01.400000+00:00,27.800804737316785,-82.49909025819663,45.06720004974042,4.0,15.0,2.0,150.0,50.0
615,2024-01-15T10:01:01.500000+00:00,27.800806045832747,-82.49908877893618,44.75275022024357,4.0,15.0,2.0,150.0,50.0
616,2024-01-15T10:01:01.600000+00:00,27.80080735434871,-82.49908729967571,44.80262937096031,4.0,15.0,2.0,150.0,50.0
617,2024-01-15T10:01:01.700000+00:00,27.80080866286467,-82.49908582041522,45.31148022834374,4.0,15.0,2.0,150.0,50.0
618,2024-01-15T10:01:01.800000+00:00,27.800809971380634,-82.49908434115471,45.00403696090408,4.0,15.0,2.0,150.0,50.0
619,2024-01-15T10:01:01.900000+00:00,27.800811279896596,-82.4990828618942,45.67421477538837,4.0,15.0,2.0,150.0,50.0
620,2024-01-15T10:01:02+00:00,27.80081258841256,-82.49908138263365,45.16051383537054,4.0,15.0,2.0,150.0,50.0
621,2024-01-15T10:01:02.100000+00:00,27.80081389692852,-82.49907990337309,45.265873935300796,4.0,15.0,2.0,150.0,50.0
622,2024-01-15T10:01:02.200000+00:00,27.800815205444483,-82.49907842411251,44.91031002292922,4.0,15.0,2.0,150.0,50.0
623,2024-01-15T10:01:02.300000+00:00,27.800816513960445,-82.49907694485192,45.35214763750651,4.0,15.0,2.0,150.0,50.0
624,2024-01-15T10:01:02.400000+00:00,27.800817822476407,-82.4990754655913,44.62331224669127,4.0,15.0,2.0,150.0,50.0
625,2024-01-15T10:01:02.500000+00:00,27.80081913099237,-82.49907398633067,44.81109368960835,4.0,15.0,2.0,150.0,50.0
626,2024-01-15T10:01:02.600000+00:00,27.800820439508332,-82.49907250707003,44.69740031745725,4.0,15.0,2.0,150.0,50.0
627,2024-01-15T10:01:02.700000+00:00,27.800821748024294,-82.49907102780936,44.93956048825409,4.0,15.0,2.0,150.0,50.0
628,2024-01-15T10:01:02.800000+00:00,27.800823056540256,-82.49906954854868,44.79777087091361,4.0,15.0,2.0,150.0,50.0
629,2024-01-15T10:01:02.900000+00:00,27.80082436505622,-82.49906806928797,44.771792248983196,4.0,15.0,2.0,150.0,50.0
630,2024-01-15T10:01:03+00:00,27.80082567357218,-82.49906659002725,45.094306401361926,4.0,15.0,2.0,150.0,50.0
631,2024-01-15T10:01:03.100000+00:00,27.800826982088143,-82.49906511076652,44.47993516693061,4.0,15.0,2.0,150.0,50.0
632,2024-01-15T10:01:03.200000+00:00,27.800828290604105,-82.49906363150576,44.92409800712351,4.0,15.0,2.0,150.0,50.0
633,2024-01-15T10:01:03.300000+00:00,27.800829599120068,-82.49906215224499,45.27914428323145,4.0,15.0,2.0,150.0,50.0
634,2024-01-15T10:01:03.400000+00:00,27.80083090763603,-82.4990606729842,44.87899487857779,4.0,15.0,2.0,150.0,50.0
635,2024-01-15T10:01:03.500000+00:00,27.800832216151992,-82.4990591937234,44.873056711151364,4.0,15.0,2.0,150.0,50.0
636,2024-01-15T10:01:03.600000+00:00,27.800833524667954,-82.49905771446257,44.903936536772896,4.0,15.0,2.0,150.0,50.0
637,2024-01-15T10:01:03.700000+00:00,27.800834833183917,-82.49905623520172,44.72209130611353,4.0,15.0,2.0,150.0,50.0
638,2024-01-15T10:01:03.800000+00:00,27.80083614169988,-82.49905475594086,44.861724682355,4.0,15.0,2.0,150.0,50.0
639,2024-01-15T10:01:03.900000+00:00,27.80083745021584,-82.49905327667999,44.91094743247111,4.0,15.0,2.0,150.0,50.0
640,2024-01-15T10:01:04+00:00,27.800838758731803,-82.49905179741909,44.86219702067645,4.0,15.0,2.0,150.0,50.0
641,2024-01-15T10:01:04.100000+00:00,27.800840067247766,-82.49905031815817,44.755708163664956,4.0,15.0,2.0,150.0,50.0
642,2024-01-15T10:01:04.200000+00:00,27.800841375763728,-82.49904883889724,44.69386418409634,4.0,15.0,2.0,150.0,50.0
643,2024-01-15T10:01:04.300000+00:00,27.80084268427969,-82.4990473596363,45.05310112414232,4.0,15.0,2.0,150.0,50.0
644,2024-01-15T10:01:04.400000+00:00,27.800843992795652,-82.49904588037532,44.54281110506954,4.0,15.0,2.0,150.0,50.0
645,2024-01-15T10:01:04.500000+00:00,27.800845301311615,-82.49904440111433,45.06736919081788,4.0,15.0,2.0,150.0,50.0
646,2024-01-15T10:01:04.600000+00:00,27.800846609827577,-82.49904292185333,44.818766215563976,4.0,15.0,2.0,150.0,50.0
647,2024-01-15T10:01:04.700000+00:00,27.80084791834354,-82.49904144259231,45.39646185342041,4.0,15.0,2.0,150.0,50.0
648,2024-01-15T10:01:04.800000+00:00,27.8008492268595,-82.49903996333127,45.23554378740822,4.0,15.0,2.0,150.0,50.0
649,2024-01-15T10:01:04.900000+00:00,27.800850535375464,-82.49903848407021,45.093638833040586,4.0,15.0,2.0,150.0,50.0
650,2024-01-15T10:01:05+00:00,27.800851843891426,-82.49903700480914,44.9970377456365,4.0,15.0,2.0,150.0,50.0
651,2024-01-15T10:01:05.100000+00:00,27.800853152407388,-82.49903552554805,44.901610738304655,4.0,15.0,2.0,150.0,50.0
652,2024-01-15T10:01:05.200000+00:00,27.80085446092335,-82.49903404628694,44.95058383364311,4.0,15.0,2.0,150.0,50.0
653,2024-01-15T10:01:05.300000+00:00,27.800855769439313,-82.49903256702581,44.95292321363793,4.0,15.0,2.0,150.0,50.0
654,2024-01-15T10:01:05.400000+00:00,27.800857077955275,-82.49903108776466,44.3815828874924,4.0,15.0,2.0,150.0,50.0
655,2024-01-15T10:01:05.500000+00:00,27.800858386471237,-82.4990296085035,45.111823654980405,4.0,15.0,2.0,150.0,50.0
656,2024-01-15T10:01:05.600000+00:00,27.8008596949872,-82.49902812924232,45.366265689447175,4.0,15.0,2.0,150.0,50.0
657,2024-01-15T10:01:05.700000+00:00,27.80086100350316,-82.49902664998112,45.02329785894658,4.0,15.0,2.0,150.0,50.0
658,2024-01-15T10:01:05.800000+00:00,27.800862312019124,-82.4990251707199,45.550942694293994,4.0,15.0,2.0,150.0,50.0
659,2024-01-15T10:01:05.900000+00:00,27.800863620535086,-82.49902369145867,45.244425623274125,4.0,15.0,2.0,150.0,50.0
660,2024-01-15T10:01:06+00:00,27.80086492905105,-82.49902221219742,44.80758955407263,4.0,15.0,2.0,150.0,50.0
661,2024-01-15T10:01:06.100000+00:00,27.80086623756701,-82.49902073293615,44.54523714411302,4.0,15.0,2.0,150.0,50.0
662,2024-01-15T10:01:06.200000+00:00,27.800867546082973,-82.49901925367486,44.983406624899665,4.0,15.0,2.0,150.0,50.0
663,2024-01-15T10:01:06.300000+00:00,27.800868854598935,-82.49901777441356,44.970257588937464,4.0,15.0,2.0,150.0,50.0
664,2024-01-15T10:01:06.400000+00:00,27.800870163114897,-82.49901629515223,45.4039218869753,4.0,15.0,2.0,150.0,50.0
665,2024-01-15T10:01:06.500000+00:00,27.80087147163086,-82.49901481589089,45.1069020208815,4.0,15.0,2.0,150.0,50.0
666,2024-01-15T10:01:06.600000+00:00,27.800872780146822,-82.49901333662953,45.60963072950723,4.0,15.0,2.0,150.0,50.0
667,2024-01-15T10:01:06.700000+00:00,27.800874088662784,-82.49901185736816,44.99879389624368,4.0,15.0,2.0,150.0,50.0
668,2024-01-15T10:01:06.800000+00:00,27.800875397178746,-82.49901037810676,44.849687718449715,4.0,15.0,2.0,150.0,50.0
669,2024-01-15T10:01:06.900000+00:00,27.80087670569471,-82.49900889884535,44.54047507017753,4.0,15.0,2.0,150.0,50.0
670,2024-01-15T10:01:07+00:00,27.80087801421067,-82.49900741958392,45.073080170658905,4.0,15.0,2.0,150.0,50.0
671,2024-01-15T10:01:07.100000+00:00,27.800879322726633,-82.49900594032248,45.495336323466844,4.0,15.0,2.0,150.0,50.0
672,2024-01-15T10:01:07.200000+00:00,27.800880631242595,-82.499004461061,44.966569260208104,4.0,15.0,2.0,150.0,50.0
673,2024-01-15T10:01:07.300000+00:00,27.800881939758558,-82.49900298179952,45.13763232921046,4.0,15.0,2.0,150.0,50.0
674,2024-01-15T10:01:07.400000+00:00,27.80088324827452,-82.49900150253802,44.73948043773936,4.0,15.0,2.0,150.0,50.0
675,2024-01-15T10:01:07.500000+00:00,27.800884556790482,-82.49900002327651,45.06533087292879,4.0,15.0,2.0,150.0,50.0
676,2024-01-15T10:01:07.600000+00:00,27.800885865306444,-82.49899854401497,45.15426702289605,4.0,15.0,2.0,150.0,50.0
677,2024-01-15T10:01:07.700000+00:00,27.800887173822407,-82.49899706475341,45.27346666574758,4.0,15.0,2.0,150.0,50.0
678,2024-01-15T10:01:07.800000+00:00,27.80088848233837,-82.49899558549184,45.25610281007286,4.0,15.0,2.0,150.0,50.0
679,2024-01-15T10:01:07.900000+00:00,27.80088979085433,-82.49899410623026,44.80695908554954,4.0,15.0,2.0,150.0,50.0
680,2024-01-15T10:01:08+00:00,27.800891099370293,-82.49899262696864,44.55434251136892,4.0,15.0,2.0,150.0,50.0
681,2024-01-15T10:01:08.100000+00:00,27.800892407886256,-82.49899114770702,45.15323398671453,4.0,15.0,2.0,150.0,50.0
682,2024-01-15T10:01:08.200000+00:00,27.800893716402218,-82.49898966844538,44.84399724190177,4.0,15.0,2.0,150.0,50.0
683,2024-01-15T10:01:08.300000+00:00,27.80089502491818,-82.49898818918372,44.97613303506888,4.0,15.0,2.0,150.0,50.0
684,2024-01-15T10:01:08.400000+00:00,27.800896333434142,-82.49898670992204,45.27492993873251,4.0,15.0,2.0,150.0,50.0
685,2024-01-15T10:01:08.500000+00:00,27.800897641950105,-82.49898523066034,44.826473508489414,4.0,15.0,2.0,150.0,50.0
686,2024-01-15T10:01:08.600000+00:00,27.800898950466067,-82.49898375139863,45.072841247115946,4.0,15.0,2.0,150.0,50.0
687,2024-01-15T10:01:08.700000+00:00,27.80090025898203,-82.49898227213689,44.711320476184774,4.0,15.0,2.0,150.0,50.0
688,2024-01-15T10:01:08.800000+00:00,27.80090156749799,-82.49898079287513,45.10420827837408,4.0,15.0,2.0,150.0,50.0
689,2024-01-15T10:01:08.900000+00:00,27.800902876013954,-82.49897931361336,44.72075596815228,4.0,15.0,2.0,150.0,50.0
690,2024-01-15T10:01:09+00:00,27.800904184529916,-82.49897783435158,45.03695718565389,4.0,15.0,2.0,150.0,50.0
691,2024-01-15T10:01:09.100000+00:00,27.800905493045878,-82.49897635508977,45.194796908639766,4.0,15.0,2.0,150.0,50.0
692,2024-01-15T10:01:09.200000+00:00,27.80090680156184,-82.49897487582794,45.37074441286365,4.0,15.0,2.0,150.0,50.0
693,2024-01-15T10:01:09.300000+00:00,27.800908110077803,-82.4989733965661,44.85330524808831,4.0,15.0,2.0,150.0,50.0
694,2024-01-15T10:01:09.400000+00:00,27.800909418593765,-82.49897191730425,45.28302675147661,4.0,15.0,2.0,150.0,50.0
695,2024-01-15T10:01:09.500000+00:00,27.800910727109727,-82.49897043804236,45.0915546859916,4.0,15.0,2.0,150.0,50.0
696,2024-01-15T10:01:09.600000+00:00,27.80091203562569,-82.49896895878047,45.01264086803399,4.0,15.0,2.0,150.0,50.0
697,2024-01-15T10:01:09.700000+00:00,27.80091334414165,-82.49896747951856,45.125548304894316,4.0,15.0,2.0,150.0,50.0
698,2024-01-15T10:01:09.800000+00:00,27.800914652657614,-82.49896600025663,45.03977286806306,4.0,15.0,2.0,150.0,50.0
699,2024-01-15T10:01:09.900000+00:00,27.800915961173576,-82.49896452099468,45.09476455634183,4.0,15.0,2.0,150.0,50.0
700,2024-01-15T10:01:10+00:00,27.80091726968954,-82.49896304173271,44.88027692505562,4.0,15.0,2.0,150.0,50.0
701,2024-01-15T10:01:10.100000+00:00,27.8009185782055,-82.49896156247073,44.85879489358099,4.0,15.0,2.0,150.0,50.0
702,2024-01-15T10:01:10.200000+00:00,27.800919886721463,-82.49896008320873,44.68299637094476,4.0,15.0,2.0,150.0,50.0
703,2024-01-15T10:01:10.300000+00:00,27.800921195237425,-82.4989586039467,44.735124687576615,4.0,15.0,2.0,150.0,50.0
704,2024-01-15T10:01:10.400000+00:00,27.800922503753387,-82.49895712468467,44.899559502848774,4.0,15.0,2.0,150.0,50.0
705,2024-01-15T10:01:10.500000+00:00,27.80092381226935,-82.49895564542261,44.65489906753782,4.0,15.0,2.0,150.0,50.0
706,2024-01-15T10:01:10.600000+00:00,27.800925120785312,-82.49895416616054,44.86807632000245,4.0,15.0,2.0,150.0,50.0
707,2024-01-15T10:01:10.700000+00:00,27.800926429301274,-82.49895268689845,45.600391207174916,4.0,15.0,2.0,150.0,50.0
708,2024-01-15T10:01:10.800000+00:00,27.800927737817236,-82.49895120763634,44.799598445700376,4.0,15.0,2.0,150.0,50.0
709,2024-01-15T10:01:10.900000+00:00,27.8009290463332,-82.49894972837421,45.264924630497596,4.0,15.0,2.0,150.0,50.0
710,2024-01-15T10:01:11+00:00,27.80093035484916,-82.49894824911208,44.75567963872972,4.0,15.0,2.0,150.0,50.0
711,2024-01-15T10:01:11.100000+00:00,27.800931663365123,-82.49894676984991,44.733589676242474,4.0,15.0,2.0,150.0,50.0
712,2024-01-15T10:01:11.200000+00:00,27.800932971881085,-82.49894529058773,45.71862676569971,4.0,15.0,2.0,150.0,50.0
713,2024-01-15T10:01:11.300000+00:00,27.800934280397048,-82.49894381132553,44.79839020070077,4.0,15.0,2.0,150.0,50.0
714,2024-01-15T10:01:11.400000+00:00,27.80093558891301,-82.49894233206332,45.63258380522891,4.0,15.0,2.0,150.0,50.0
715,2024-01-15T10:01:11.500000+00:00,27.800936897428972,-82.49894085280108,44.70116196208248,4.0,15.0,2.0,150.0,50.0
716,2024-01-15T10:01:11.600000+00:00,27.800938205944934,-82.49893937353883,44.695849766674336,4.0,15.0,2.0,150.0,50.0
717,2024-01-15T10:01:11.700000+00:00,27.800939514460897,-82.49893789427657,44.83039461713234,4.0,15.0,2.0,150.0,50.0
718,2024-01-15T10:01:11.800000+00:00,27.80094082297686,-82.49893641501428,44.94058611189981,4.0,15.0,2.0,150.0,50.0
719,2024-01-15T10:01:11.900000+00:00,27.80094213149282,-82.49893493575198,44.799652529230706,4.0,15.0,2.0,150.0,50.0
720,2024-01-15T10:01:12+00:00,27.800943440008783,-82.49893345648965,44.9910598000946,4.0,15.0,2.0,150.0,50.0
721,2024-01-15T10:01:12.100000+00:00,27.800944748524746,-82.49893197722731,45.089349377133864,4.0,15.0,2.0,150.0,50.0
722,2024-01-15T10:01:12.200000+00:00,27.800946057040708,-82.49893049796496,45.01376122855865,4.0,15.0,2.0,150.0,50.0
723,2024-01-15T10:01:12.300000+00:00,27.80094736555667,-82.49892901870258,45.02256993952102,4.0,15.0,2.0,150.0,50.0
724,2024-01-15T10:01:12.400000+00:00,27.800948674072632,-82.49892753944019,44.90692293433781,4.0,15.0,2.0,150.0,50.0
725,2024-01-15T10:01:12.500000+00:00,27.800949982588595,-82.49892606017778,44.863728271771926,4.0,15.0,2.0,150.0,50.0
726,2024-01-15T10:01:12.600000+00:00,27.800951291104557,-82.49892458091536,45.10352165997792,4.0,15.0,2.0,150.0,50.0
727,2024-01-15T10:01:12.700000+00:00,27.80095259962052,-82.4989231016529,44.55879125341843,4.0,15.0,2.0,150.0,50.0
728,2024-01-15T10:01:12.800000+00:00,27.80095390813648,-82.49892162239044,45.29640291017549,4.0,15.0,2.0,150.0,50.0
729,2024-01-15T10:01:12.900000+00:00,27.800955216652444,-82.49892014312796,44.94476143836219,4.0,15.0,2.0,150.0,50.0
730,2024-01-15T10:01:13+00:00,27.800956525168406,-82.49891866386547,45.29046314351328,4.0,15.0,2.0,150.0,50.0
731,2024-01-15T10:01:13.100000+00:00,27.800957833684368,-82.49891718460294,44.8436088313084,4.0,15.0,2.0,150.0,50.0
732,2024-01-15T10:01:13.200000+00:00,27.80095914220033,-82.49891570534041,44.925671353728276,4.0,15.0,2.0,150.0,50.0
733,2024-01-15T10:01:13.300000+00:00,27.800960450716293,-82.49891422607786,45.117934422510224,4.0,15.0,2.0,150.0,50.0
734,2024-01-15T10:01:13.400000+00:00,27.800961759232255,-82.4989127468153,45.39565257514028,4.0,15.0,2.0,150.0,50.0
735,2024-01-15T10:01:13.500000+00:00,27.800963067748217,-82.4989112675527,44.641490534329385,4.0,15.0,2.0,150.0,50.0
736,2024-01-15T10:01:13.600000+00:00,27.80096437626418,-82.49890978829009,44.85361989733817,4.0,15.0,2.0,150.0,50.0
737,2024-01-15T10:01:13.700000+00:00,27.80096568478014,-82.49890830902747,45.29677161703042,4.0,15.0,2.0,150.0,50.0
738,2024-01-15T10:01:13.800000+00:00,27.800966993296104,-82.49890682976483,44.96699843757827,4.0,15.0,2.0,150.0,50.0
739,2024-01-15T10:01:13.900000+00:00,27.800968301812066,-82.49890535050217,45.06462513375952,4.0,15.0,2.0,150.0,50.0
740,2024-01-15T10:01:14+00:00,27.80096961032803,-82.49890387123949,45.27664288522059,4.0,15.0,2.0,150.0,50.0
741,2024-01-15T10:01:14.100000+00:00,27.80097091884399,-82.4989023919768,45.07915318885663,4.0,15.0,2.0,150.0,50.0
742,2024-01-15T10:01:14.200000+00:00,27.800972227359953,-82.49890091271409,45.091882228516404,4.0,15.0,2.0,150.0,50.0
743,2024-01-15T10:01:14.300000+00:00,27.800973535875915,-82.49889943345136,45.354080634399,4.0,15.0,2.0,150.0,50.0
744,2024-01-15T10:01:14.400000+00:00,27.800974844391877,-82.4988979541886,45.07670985309299,4.0,15.0,2.0,150.0,50.0
745,2024-01-15T10:01:14.500000+00:00,27.80097615290784,-82.49889647492584,45.18613614616683,4.0,15.0,2.0,150.0,50.0
746,2024-01-15T10:01:14.600000+00:00,27.800977461423802,-82.49889499566306,44.77147916100326,4.0,15.0,2.0,150.0,50.0
747,2024-01-15T10:01:14.700000+00:00,27.800978769939764,-82.49889351640026,44.56729614558898,4.0,15.0,2.0,150.0,50.0
748,2024-01-15T10:01:14.800000+00:00,27.800980078455726,-82.49889203713744,44.77327124302624,4.0,15.0,2.0,150.0,50.0
749,2024-01-15T10:01:14.900000+00:00,27.80098138697169,-82.4988905578746,45.549988349261824,4.0,15.0,2.0,150.0,50.0
750,2024-01-15T10:01:15+00:00,27.80098269548765,-82.49888907861175,44.99197221026622,4.0,15.0,2.0,150.0,50.0
751,2024-01-15T10:01:15.100000+00:00,27.800984004003613,-82.49888759934888,45.27532926356571,4.0,15.0,2.0,150.0,50.0
752,2024-01-15T10:01:15.200000+00:00,27.800985312519575,-82.49888612008598,44.97885720498473,4.0,15.0,2.0,150.0,50.0
753,2024-01-15T10:01:15.300000+00:00,27.800986621035538,-82.49888464082308,44.911981697725246,4.0,15.0,2.0,150.0,50.0
754,2024-01-15T10:01:15.400000+00:00,27.8009879295515,-82.49888316156016,45.10645738603347,4.0,15.0,2.0,150.0,50.0
755,2024-01-15T10:01:15.500000+00:00,27.800989238067462,-82.49888168229721,44.953281871630516,4.0,15.0,2.0,150.0,50.0
756,2024-01-15T10:01:15.600000+00:00,27.800990546583424,-82.49888020303425,44.532656325318854,4.0,15.0,2.0,150.0,50.0
757,2024-01-15T10:01:15.700000+00:00,27.800991855099387,-82.49887872377127,45.11708359692632,4.0,15.0,2.0,150.0,50.0
758,2024-01-15T10:01:15.800000+00:00,27.80099316361535,-82.49887724450828,45.52178376950232,4.0,15.0,2.0,150.0,50.0
759,2024-01-15T10:01:15.900000+00:00,27.80099447213131,-82.49887576524526,45.16040873429184,4.0,15.0,2.0,150.0,50.0
760,2024-01-15T10:01:16+00:00,27.800995780647273,-82.49887428598223,45.33036631523705,4.0,15.0,2.0,150.0,50.0
761,2024-01-15T10:01:16.100000+00:00,27.800997089163236,-82.49887280671918,44.955929133116484,4.0,15.0,2.0,150.0,50.0
762,2024-01-15T10:01:16.200000+00:00,27.800998397679198,-82.4988713274561,45.091154156639064,4.0,15.0,2.0,150.0,50.0
763,2024-01-15T10:01:16.300000+00:00,27.80099970619516,-82.49886984819301,45.08359915646935,4.0,15.0,2.0,150.0,50.0
764,2024-01-15T10:01:16.400000+00:00,27.801001014711122,-82.4988683689299,45.4157012150102,4.0,15.0,2.0,150.0,50.0
765,2024-01-15T10:01:16.500000+00:00,27.801002323227085,-82.49886688966679,45.29698728793954,4.0,15.0,2.0,150.0,50.0
766,2024-01-15T10:01:16.600000+00:00,27.801003631743047,-82.49886541040364,44.422864762791995,4.0,15.0,2.0,150.0,50.0
767,2024-01-15T10:01:16.700000+00:00,27.80100494025901,-82.49886393114048,45.34616632632555,4.0,15.0,2.0,150.0,50.0
768,2024-01-15T10:01:16.800000+00:00,27.80100624877497,-82.4988624518773,44.888053834547286,4.0,15.0,2.0,150.0,50.0
769,2024-01-15T10:01:16.900000+00:00,27.801007557290934,-82.49886097261411,45.04380289971884,4.0,15.0,2.0,150.0,50.0
770,2024-01-15T10:01:17+00:00,27.801008865806896,-82.49885949335089,44.549049368360535,4.0,15.0,2.0,150.0,50.0
771,2024-01-15T10:01:17.100000+00:00,27.801010174322858,-82.49885801408766,45.22290490996811,4.0,15.0,2.0,150.0,50.0
772,2024-01-15T10:01:17.200000+00:00,27.80101148283882,-82.49885653482441,45.04064313991996,4.0,15.0,2.0,150.0,50.0
773,2024-01-15T10:01:17.300000+00:00,27.801012791354783,-82.49885505556115,44.925336913787476,4.0,15.0,2.0,150.0,50.0
774,2024-01-15T10:01:17.400000+00:00,27.801014099870745,-82.49885357629786,45.147462888162394,4.0,15.0,2.0,150.0,50.0
775,2024-01-15T10:01:17.500000+00:00,27.801015408386707,-82.49885209703456,45.31537511638991,4.0,15.0,2.0,150.0,50.0
776,2024-01-15T10:01:17.600000+00:00,27.80101671690267,-82.49885061777124,45.42098968178016,4.0,15.0,2.0,150.0,50.0
777,2024-01-15T10:01:17.700000+00:00,27.80101802541863,-82.49884913850791,45.43763765780836,4.0,15.0,2.0,150.0,50.0
778,2024-01-15T10:01:17.800000+00:00,27.801019333934594,-82.49884765924455,45.24126432965308,4.0,15.0,2.0,150.0,50.0
779,2024-01-15T10:01:17.900000+00:00,27.801020642450556,-82.49884617998117,44.89462389039545,4.0,15.0,2.0,150.0,50.0
780,2024-01-15T10:01:18+00:00,27.80102195096652,-82.49884470071778,44.64878566515419,4.0,15.0,2.0,150.0,50.0
781,2024-01-15T10:01:18.100000+00:00,27.80102325948248,-82.49884322145438,45.152393738166985,4.0,15.0,2.0,150.0,50.0
782,2024-01-15T10:01:18.200000+00:00,27.801024567998443,-82.49884174219095,44.91716012905604,4.0,15.0,2.0,150.0,50.0
783,2024-01-15T10:01:18.300000+00:00,27.801025876514405,-82.4988402629275,45.365149498033645,4.0,15.0,2.0,150.0,50.0
784,2024-01-15T10:01:18.400000+00:00,27.801027185030367,-82.49883878366404,45.075987235741046,4.0,15.0,2.0,150.0,50.0
785,2024-01-15T10:01:18.500000+00:00,27.80102849354633,-82.49883730440057,45.23992877510177,4.0,15.0,2.0,150.0,50.0
786,2024-01-15T10:01:18.600000+00:00,27.801029802062292,-82.49883582513706,44.61832619127048,4.0,15.0,2.0,150.0,50.0
787,2024-01-15T10:01:18.700000+00:00,27.801031110578254,-82.49883434587355,45.14618910617971,4.0,15.0,2.0,150.0,50.0
788,2024-01-15T10:01:18.800000+00:00,27.801032419094216,-82.49883286661002,44.772675319227716,4.0,15.0,2.0,150.0,50.0
789,2024-01-15T10:01:18.900000+00:00,27.80103372761018,-82.49883138734647,44.94743684326453,4.0,15.0,2.0,150.0,50.0
790,2024-01-15T10:01:19+00:00,27.80103503612614,-82.4988299080829,45.017222153547166,4.0,15.0,2.0,150.0,50.0
791,2024-01-15T10:01:19.100000+00:00,27.801036344642103,-82.49882842881931,45.14984614505377,4.0,15.0,2.0,150.0,50.0
792,2024-01-15T10:01:19.200000+00:00,27.801037653158065,-82.4988269495557,45.02860069380404,4.0,15.0,2.0,150.0,50.0
793,2024-01-15T10:01:19.300000+00:00,27.801038961674028,-82.49882547029209,44.866107578356555,4.0,15.0,2.0,150.0,50.0
794,2024-01-15T10:01:19.400000+00:00,27.80104027018999,-82.49882399102844,44.9756457243705,4.0,15.0,2.0,150.0,50.0
795,2024-01-15T10:01:19.500000+00:00,27.801041578705952,-82.49882251176479,44.77439953544232,4.0,15.0,2.0,150.0,50.0
796,2024-01-15T10:01:19.600000+00:00,27.801042887221914,-82.49882103250111,44.89451124144647,4.0,15.0,2.0,150.0,50.0
797,2024-01-15T10:01:19.700000+00:00,27.801044195737877,-82.49881955323742,45.478177925676086,4.0,15.0,2.0,150.0,50.0
798,2024-01-15T10:01:19.800000+00:00,27.80104550425384,-82.49881807397371,44.73443239336063,4.0,15.0,2.0,150.0,50.0
799,2024-01-15T10:01:19.900000+00:00,27.8010468127698,-82.49881659470998,44.583728032600014,4.0,15.0,2.0,150.0,50.0
800,2024-01-15T10:01:20+00:00,27.801048121285763,-82.49881511544623,44.40881570297814,4.0,15.0,2.0,150.0,50.0
801,2024-01-15T10:01:20.100000+00:00,27.801049429801726,-82.49881363618248,44.94305562834742,4.0,15.0,2.0,150.0,50.0
802,2024-01-15T10:01:20.200000+00:00,27.801050738317688,-82.49881215691869,45.31147000425715,4.0,15.0,2.0,150.0,50.0
803,2024-01-15T10:01:20.300000+00:00,27.80105204683365,-82.49881067765489,45.29916731109745,4.0,15.0,2.0,150.0,50.0
804,2024-01-15T10:01:20.400000+00:00,27.801053355349612,-82.49880919839107,45.36125029121515,4.0,15.0,2.0,150.0,50.0
805,2024-01-15T10:01:20.500000+00:00,27.801054663865575,-82.49880771912724,45.331813948248744,4.0,15.0,2.0,150.0,50.0
806,2024-01-15T10:01:20.600000+00:00,27.801055972381537,-82.49880623986338,44.71573342375078,4.0,15.0,2.0,150.0,50.0
807,2024-01-15T10:01:20.700000+00:00,27.8010572808975,-82.49880476059951,45.348474743453174,4.0,15.0,2.0,150.0,50.0
808,2024-01-15T10:01:20.800000+00:00,27.80105858941346,-82.49880328133563,44.87292759702861,4.0,15.0,2.0,150.0,50.0
809,2024-01-15T10:01:20.900000+00:00,27.801059897929424,-82.49880180207172,44.57767221656399,4.0,15.0,2.0,150.0,50.0
810,2024-01-15T10:01:21+00:00,27.801061206445386,-82.4988003228078,45.10069074119682,4.0,15.0,2.0,150.0,50.0
811,2024-01-15T10:01:21.100000+00:00,27.801062514961348,-82.49879884354385,45.55743118742494,4.0,15.0,2.0,150.0,50.0
812,2024-01-15T10:01:21.200000+00:00,27.80106382347731,-82.4987973642799,45.022453660225274,4.0,15.0,2.0,150.0,50.0
813,2024-01-15T10:01:21.300000+00:00,27.801065131993273,-82.49879588501592,45.36182744486469,4.0,15.0,2.0,150.0,50.0
814,2024-01-15T10:01:21.400000+00:00,27.801066440509235,-82.49879440575192,44.90021601577806,4.0,15.0,2.0,150.0,50.0
815,2024-01-15T10:01:21.500000+00:00,27.801067749025197,-82.49879292648791,44.80523580525023,4.0,15.0,2.0,150.0,50.0
816,2024-01-15T10:01:21.600000+00:00,27.80106905754116,-82.49879144722388,44.82946792179136,4.0,15.0,2.0,150.0,50.0
817,2024-01-15T10:01:21.700000+00:00,27.80107036605712,-82.49878996795984,44.82177133446823,4.0,15.0,2.0,150.0,50.0
818,2024-01-15T10:01:21.800000+00:00,27.801071674573084,-82.49878848869577,45.25912259171823,4.0,15.0,2.0,150.0,50.0
819,2024-01-15T10:01:21.900000+00:00,27.801072983089046,-82.49878700943168,45.481195703336326,4.0,15.0,2.0,150.0,50.0
820,2024-01-15T10:01:22+00:00,27.80107429160501,-82.49878553016758,44.74732970737815,4.0,15.0,2.0,150.0,50.0
821,2024-01-15T10:01:22.100000+00:00,27.80107560012097,-82.49878405090347,44.912385545487346,4.0,15.0,2.0,150.0,50.0
822,2024-01-15T10:01:22.200000+00:00,27.801076908636933,-82.49878257163932,44.94165146664756,4.0,15.0,2.0,150.0,50.0
823,2024-01-15T10:01:22.300000+00:00,27.801078217152895,-82.49878109237517,44.96527918159027,4.0,15.0,2.0,150.0,50.0
824,2024-01-15T10:01:22.400000+00:00,27.801079525668857,-82.498779613111,45.2063231950474,4.0,15.0,2.0,150.0,50.0
825,2024-01-15T10:01:22.500000+00:00,27.80108083418482,-82.49877813384681,45.21922241069257,4.0,15.0,2.0,150.0,50.0
826,2024-01-15T10:01:22.600000+00:00,27.801082142700782,-82.4987766545826,45.35442485292951,4.0,15.0,2.0,150.0,50.0
827,2024-01-15T10:01:22.700000+00:00,27.801083451216744,-82.49877517531837,44.945590436593406,4.0,15.0,2.0,150.0,50.0
828,2024-01-15T10:01:22.800000+00:00,27.801084759732706,-82.49877369605413,45.45279868669444,4.0,15.0,2.0,150.0,50.0
829,2024-01-15T10:01:22.900000+00:00,27.80108606824867,-82.49877221678987,45.235955545050444,4.0,15.0,2.0,150.0,50.0
830,2024-01-15T10:01:23+00:00,27.80108737676463,-82.49877073752559,45.101678549200436,4.0,15.0,2.0,150.0,50.0
831,2024-01-15T10:01:23.100000+00:00,27.801088685280593,-82.49876925826129,44.49206185465069,4.0,15.0,2.0,150.0,50.0
832,2024-01-15T10:01:23.200000+00:00,27.801089993796555,-82.49876777899698,44.58065715518129,4.0,15.0,2.0,150.0,50.0
833,2024-01-15T10:01:23.300000+00:00,27.801091302312518,-82.49876629973264,44.80428527930229,4.0,15.0,2.0,150.0,50.0
834,2024-01-15T10:01:23.400000+00:00,27.80109261082848,-82.49876482046828,45.11088848250216,4.0,15.0,2.0,150.0,50.0
835,2024-01-15T10:01:23.500000+00:00,27.801093919344442,-82.49876334120391,45.47444593873862,4.0,15.0,2.0,150.0,50.0
836,2024-01-15T10:01:23.600000+00:00,27.801095227860404,-82.49876186193953,45.20470376135752,4.0,15.0,2.0,150.0,50.0
837,2024-01-15T10:01:23.700000+00:00,27.801096536376367,-82.49876038267512,44.5363705994904,4.0,15.0,2.0,150.0,50.0
838,2024-01-15T10:01:23.800000+00:00,27.80109784489233,-82.49875890341069,44.75719225507784,4.0,15.0,2.0,150.0,50.0
839,2024-01-15T10:01:23.900000+00:00,27.80109915340829,-82.49875742414625,45.31934928613493,4.0,15.0,2.0,150.0,50.0
840,2024-01-15T10:01:24+00:00,27.801100461924253,-82.4987559448818,44.55554163577553,4.0,15.0,2.0,150.0,50.0
841,2024-01-15T10:01:24.100000+00:00,27.801101770440216,-82.49875446561731,44.53268238785263,4.0,15.0,2.0,150.0,50.0
842,2024-01-15T10:01:24.200000+00:00,27.801103078956178,-82.49875298635281,45.44250692872259,4.0,15.0,2.0,150.0,50.0
843,2024-01-15T10:01:24.300000+00:00,27.80110438747214,-82.4987515070883,45.35686687423572,4.0,15.0,2.0,150.0,50.0
844,2024-01-15T10:01:24.400000+00:00,27.801105695988102,-82.49875002782377,44.72115058341679,4.0,15.0,2.0,150.0,50.0
845,2024-01-15T10:01:24.500000+00:00,27.801107004504065,-82.49874854855922,44.95325254914197,4.0,15.0,2.0,150.0,50.0
846,2024-01-15T10:01:24.600000+00:00,27.801108313020027,-82.49874706929465,44.95400715524923,4.0,15.0,2.0,150.0,50.0
847,2024-01-15T10:01:24.700000+00:00,27.80110962153599,-82.49874559003007,45.01317343018691,4.0,15.0,2.0,150.0,50.0
848,2024-01-15T10:01:24.800000+00:00,27.80111093005195,-82.49874411076547,45.081564241041484,4.0,15.0,2.0,150.0,50.0
849,2024-01-15T10:01:24.900000+00:00,27.801112238567914,-82.49874263150085,45.42865147223248,4.0,15.0,2.0,150.0,50.0
850,2024-01-15T10:01:25+00:00,27.801113547083876,-82.4987411522362,44.813760976626526,4.0,15.0,2.0,150.0,50.0
851,2024-01-15T10:01:25.100000+00:00,27.801114855599838,-82.49873967297155,44.703043466680754,4.0,15.0,2.0,150.0,50.0
852,2024-01-15T10:01:25.200000+00:00,27.8011161641158,-82.49873819370688,45.328878565033335,4.0,15.0,2.0,150.0,50.0
853,2024-01-15T10:01:25.300000+00:00,27.801117472631763,-82.49873671444219,44.90068890263767,4.0,15.0,2.0,150.0,50.0
854,2024-01-15T10:01:25.400000+00:00,27.801118781147725,-82.49873523517748,44.77237179984663,4.0,15.0,2.0,150.0,50.0
855,2024-01-15T10:01:25.500000+00:00,27.801120089663687,-82.49873375591275,45.535745754394206,4.0,15.0,2.0,150.0,50.0
856,2024-01-15T10:01:25.600000+00:00,27.80112139817965,-82.49873227664801,44.9765059524094,4.0,15.0,2.0,150.0,50.0
857,2024-01-15T10:01:25.700000+00:00,27.80112270669561,-82.49873079738325,45.40783399003344,4.0,15.0,2.0,150.0,50.0
858,2024-01-15T10:01:25.800000+00:00,27.801124015211574,-82.49872931811846,44.83926499960774,4.0,15.0,2.0,150.0,50.0
859,2024-01-15T10:01:25.900000+00:00,27.801125323727536,-82.49872783885367,44.46658429079214,4.0,15.0,2.0,150.0,50.0
860,2024-01-15T10:01:26+00:00,27.8011266322435,-82.49872635958886,45.06509881465669,4.0,15.0,2.0,150.0,50.0
861,2024-01-15T10:01:26.100000+00:00,27.80112794075946,-82.49872488032402,44.71190171324916,4.0,15.0,2.0,150.0,50.0
862,2024-01-15T10:01:26.200000+00:00,27.801129249275423,-82.49872340105917,45.07809968103921,4.0,15.0,2.0,150.0,50.0
863,2024-01-15T10:01:26.300000+00:00,27.801130557791385,-82.4987219217943,45.03045750389362,4.0,15.0,2.0,150.0,50.0
864,2024-01-15T10:01:26.400000+00:00,27.801131866307347,-82.49872044252942,44.887078095852715,4.0,15.0,2.0,150.0,50.0
865,2024-01-15T10:01:26.500000+00:00,27.80113317482331,-82.49871896326451,44.2420929398098,4.0,15.0,2.0,150.0,50.0
866,2024-01-15T10:01:26.600000+00:00,27.801134483339272,-82.49871748399958,44.82117723053171,4.0,15.0,2.0,150.0,50.0
867,2024-01-15T10:01:26.700000+00:00,27.801135791855234,-82.49871600473465,45.2697671132891,4.0,15.0,2.0,150.0,50.0
868,2024-01-15T10:01:26.800000+00:00,27.801137100371196,-82.4987145254697,44.93344498082445,4.0,15.0,2.0,150.0,50.0
869,2024-01-15T10:01:26.900000+00:00,27.80113840888716,-82.49871304620471,44.56570557118232,4.0,15.0,2.0,150.0,50.0
870,2024-01-15T10:01:27+00:00,27.80113971740312,-82.49871156693972,44.97159012232153,4.0,15.0,2.0,150.0,50.0
871,2024-01-15T10:01:27.100000+00:00,27.801141025919083,-82.49871008767471,45.44678708026773,4.0,15.0,2.0,150.0,50.0
872,2024-01-15T10:01:27.200000+00:00,27.801142334435045,-82.49870860840969,44.9047668511418,4.0,15.0,2.0,150.0,50.0
873,2024-01-15T10:01:27.300000+00:00,27.801143642951008,-82.49870712914463,45.26502998071961,4.0,15.0,2.0,150.0,50.0
874,2024-01-15T10:01:27.400000+00:00,27.80114495146697,-82.49870564987957,44.52787194437178,4.0,15.0,2.0,150.0,50.0
875,2024-01-15T10:01:27.500000+00:00,27.801146259982932,-82.49870417061449,44.880315859101216,4.0,15.0,2.0,150.0,50.0
876,2024-01-15T10:01:27.600000+00:00,27.801147568498894,-82.4987026913494,45.03679125364068,4.0,15.0,2.0,150.0,50.0
877,2024-01-15T10:01:27.700000+00:00,27.801148877014857,-82.49870121208427,45.05146124229038,4.0,15.0,2.0,150.0,50.0
878,2024-01-15T10:01:27.800000+00:00,27.80115018553082,-82.49869973281913,44.953536666926794,4.0,15.0,2.0,150.0,50.0
879,2024-01-15T10:01:27.900000+00:00,27.80115149404678,-82.49869825355398,44.9518542330531,4.0,15.0,2.0,150.0,50.0
880,2024-01-15T10:01:28+00:00,27.801152802562743,-82.49869677428882,45.20611000694729,4.0,15.0,2.0,150.0,50.0
881,2024-01-15T10:01:28.100000+00:00,27.801154111078706,-82.49869529502362,45.05982887356381,4.0,15.0,2.0,150.0,50.0
882,2024-01-15T10:01:28.200000+00:00,27.801155419594668,-82.49869381575841,44.9367727318143,4.0,15.0,2.0,150.0,50.0
883,2024-01-15T10:01:28.300000+00:00,27.80115672811063,-82.49869233649319,44.908361659192565,4.0,15.0,2.0,150.0,50.0
884,2024-01-15T10:01:28.400000+00:00,27.801158036626592,-82.49869085722796,45.74170632160642,4.0,15.0,2.0,150.0,50.0
885,2024-01-15T10:01:28.500000+00:00,27.801159345142555,-82.49868937796269,45.30671044864249,4.0,15.0,2.0,150.0,50.0
886,2024-01-15T10:01:28.600000+00:00,27.801160653658517,-82.49868789869741,44.43984549855352,4.0,15.0,2.0,150.0,50.0
887,2024-01-15T10:01:28.700000+00:00,27.80116196217448,-82.49868641943212,45.295897916914434,4.0,15.0,2.0,150.0,50.0
888,2024-01-15T10:01:28.800000+00:00,27.80116327069044,-82.49868494016681,45.06695357569602,4.0,15.0,2.0,150.0,50.0
889,2024-01-15T10:01:28.900000+00:00,27.801164579206404,-82.49868346090147,45.313611966777735,4.0,15.0,2.0,150.0,50.0
890,2024-01-15T10:01:29+00:00,27.801165887722366,-82.49868198163612,44.882454123059354,4.0,15.0,2.0,150.0,50.0
891,2024-01-15T10:01:29.100000+00:00,27.801167196238328,-82.49868050237076,45.14571445507126,4.0,15.0,2.0,150.0,50.0
892,2024-01-15T10:01:29.200000+00:00,27.80116850475429,-82.49867902310538,44.58060571386282,4.0,15.0,2.0,150.0,50.0
893,2024-01-15T10:01:29.300000+00:00,27.801169813270253,-82.49867754383997,45.77653611950327,4.0,15.0,2.0,150.0,50.0
894,2024-01-15T10:01:29.400000+00:00,27.801171121786215,-82.49867606457455,44.99501817887158,4.0,15.0,2.0,150.0,50.0
895,2024-01-15T10:01:29.500000+00:00,27.801172430302177,-82.49867458530912,44.70538506644945,4.0,15.0,2.0,150.0,50.0
896,2024-01-15T10:01:29.600000+00:00,27.80117373881814,-82.49867310604367,44.80235508066053,4.0,15.0,2.0,150.0,50.0
897,2024-01-15T10:01:29.700000+00:00,27.8011750473341,-82.49867162677819,45.12667935621324,4.0,15.0,2.0,150.0,50.0
898,2024-01-15T10:01:29.800000+00:00,27.801176355850064,-82.4986701475127,44.52009045944411,4.0,15.0,2.0,150.0,50.0
899,2024-01-15T10:01:29.900000+00:00,27.801177664366026,-82.49866866824719,44.90426831917612,4.0,15.0,2.0,150.0,50.0
900,2024-01-15T10:01:30+00:00,27.80117897288199,-82.49866718898167,44.87039009591412,4.0,15.0,2.0,150.0,50.0
901,2024-01-15T10:01:30.100000+00:00,27.80118028139795,-82.49866570971612,44.6917789257837,4.0,15.0,2.0,150.0,50.0
902,2024-01-15T10:01:30.200000+00:00,27.801181589913913,-82.49866423045056,45.65343632854118,4.0,15.0,2.0,150.0,50.0
903,2024-01-15T10:01:30.300000+00:00,27.801182898429875,-82.49866275118498,45.17628687824314,4.0,15.0,2.0,150.0,50.0
904,2024-01-15T10:01:30.400000+00:00,27.801184206945837,-82.49866127191937,44.74910256864519,4.0,15.0,2.0,150.0,50.0
905,2024-01-15T10:01:30.500000+00:00,27.8011855154618,-82.49865979265375,45.16159216795169,4.0,15.0,2.0,150.0,50.0
906,2024-01-15T10:01:30.600000+00:00,27.801186823977762,-82.49865831338812,45.16360693663357,4.0,15.0,2.0,150.0,50.0
907,2024-01-15T10:01:30.700000+00:00,27.801188132493724,-82.49865683412247,45.003197519809795,4.0,15.0,2.0,150.0,50.0
908,2024-01-15T10:01:30.800000+00:00,27.801189441009686,-82.4986553548568,45.24477967568786,4.0,15.0,2.0,150.0,50.0
909,2024-01-15T10:01:30.900000+00:00,27.80119074952565,-82.4986538755911,44.73554379137918,4.0,15.0,2.0,150.0,50.0
910,2024-01-15T10:01:31+00:00,27.80119205804161,-82.4986523963254,44.98128706006173,4.0,15.0,2.0,150.0,50.0
911,2024-01-15T10:01:31.100000+00:00,27.801193366557573,-82.49865091705968,44.831134154648716,4.0,15.0,2.0,150.0,50.0
912,2024-01-15T10:01:31.200000+00:00,27.801194675073535,-82.49864943779393,44.72308456543325,4.0,15.0,2.0,150.0,50.0
913,2024-01-15T10:01:31.300000+00:00,27.801195983589498,-82.49864795852817,45.50332514071334,4.0,15.0,2.0,150.0,50.0
914,2024-01-15T10:01:31.400000+00:00,27.80119729210546,-82.49864647926239,45.097013449292334,4.0,15.0,2.0,150.0,50.0
915,2024-01-15T10:01:31.500000+00:00,27.801198600621422,-82.4986449999966,44.79603081692888,4.0,15.0,2.0,150.0,50.0
916,2024-01-15T10:01:31.600000+00:00,27.801199909137384,-82.49864352073078,45.538530583617096,4.0,15.0,2.0,150.0,50.0
917,2024-01-15T10:01:31.700000+00:00,27.801201217653347,-82.49864204146495,45.074833741184136,4.0,15.0,2.0,150.0,50.0
918,2024-01-15T10:01:31.800000+00:00,27.80120252616931,-82.4986405621991,45.25779201686285,4.0,15.0,2.0,150.0,50.0
919,2024-01-15T10:01:31.900000+00:00,27.80120383468527,-82.49863908293324,45.46095919967534,4.0,15.0,2.0,150.0,50.0
920,2024-01-15T10:01:32+00:00,27.801205143201233,-82.49863760366735,44.92625870413784,4.0,15.0,2.0,150.0,50.0
921,2024-01-15T10:01:32.100000+00:00,27.801206451717196,-82.49863612440144,44.83345738617214,4.0,15.0,2.0,150.0,50.0
922,2024-01-15T10:01:32.200000+00:00,27.801207760233158,-82.49863464513552,45.60562076298362,4.0,15.0,2.0,150.0,50.0
923,2024-01-15T10:01:32.300000+00:00,27.80120906874912,-82.49863316586959,45.32549230683965,4.0,15.0,2.0,150.0,50.0
924,2024-01-15T10:01:32.400000+00:00,27.801210377265082,-82.49863168660363,44.65889573475953,4.0,15.0,2.0,150.0,50.0
925,2024-01-15T10:01:32.500000+00:00,27.801211685781045,-82.49863020733765,44.75905430435275,4.0,15.0,2.0,150.0,50.0
926,2024-01-15T10:01:32.600000+00:00,27.801212994297007,-82.49862872807167,44.834979966440216,4.0,15.0,2.0,150.0,50.0
927,2024-01-15T10:01:32.700000+00:00,27.80121430281297,-82.49862724880566,45.04513121927098,4.0,15.0,2.0,150.0,50.0
928,2024-01-15T10:01:32.800000+00:00,27.80121561132893,-82.49862576953963,44.81652691054218,4.0,15.0,2.0,150.0,50.0
929,2024-01-15T10:01:32.900000+00:00,27.801216919844894,-82.49862429027358,44.863197696390564,4.0,15.0,2.0,150.0,50.0
930,2024-01-15T10:01:33+00:00,27.801218228360856,-82.49862281100752,45.167655985698126,4.0,15.0,2.0,150.0,50.0
931,2024-01-15T10:01:33.100000+00:00,27.80121953687682,-82.49862133174145,44.54240488077164,4.0,15.0,2.0,150.0,50.0
932,2024-01-15T10:01:33.200000+00:00,27.80122084539278,-82.49861985247534,45.68622918816781,4.0,15.0,2.0,150.0,50.0
933,2024-01-15T10:01:33.300000+00:00,27.801222153908743,-82.49861837320923,45.118732023017074,4.0,15.0,2.0,150.0,50.0
934,2024-01-15T10:01:33.400000+00:00,27.801223462424705,-82.4986168939431,45.126632739614436,4.0,15.0,2.0,150.0,50.0
935,2024-01-15T10:01:33.500000+00:00,27.801224770940667,-82.49861541467695,45.029407273527084,4.0,15.0,2.0,150.0,50.0
936,2024-01-15T10:01:33.600000+00:00,27.80122607945663,-82.49861393541077,44.95449230376919,4.0,15.0,2.0,150.0,50.0
937,2024-01-15T10:01:33.700000+00:00,27.80122738797259,-82.49861245614458,45.16539005090052,4.0,15.0,2.0,150.0,50.0
938,2024-01-15T10:01:33.800000+00:00,27.801228696488554,-82.49861097687838,45.024461305177624,4.0,15.0,2.0,150.0,50.0
939,2024-01-15T10:01:33.900000+00:00,27.801230005004516,-82.49860949761216,45.28028304161483,4.0,15.0,2.0,150.0,50.0
940,2024-01-15T10:01:34+00:00,27.80123131352048,-82.49860801834592,44.97219944283095,4.0,15.0,2.0,150.0,50.0
941,2024-01-15T10:01:34.100000+00:00,27.80123262203644,-82.49860653907966,44.695706181495574,4.0,15.0,2.0,150.0,50.0
942,2024-01-15T10:01:34.200000+00:00,27.801233930552403,-82.49860505981339,44.95656830037997,4.0,15.0,2.0,150.0,50.0
943,2024-01-15T10:01:34.300000+00:00,27.801235239068365,-82.4986035805471,45.346603478461994,4.0,15.0,2.0,150.0,50.0
944,2024-01-15T10:01:34.400000+00:00,27.801236547584327,-82.49860210128078,44.79790949116619,4.0,15.0,2.0,150.0,50.0
945,2024-01-15T10:01:34.500000+00:00,27.80123785610029,-82.49860062201445,45.1617107146535,4.0,15.0,2.0,150.0,50.0
946,2024-01-15T10:01:34.600000+00:00,27.801239164616252,-82.4985991427481,45.30766241978118,4.0,15.0,2.0,150.0,50.0
947,2024-01-15T10:01:34.700000+00:00,27.801240473132214,-82.49859766348175,44.77806602198332,4.0,15.0,2.0,150.0,50.0
948,2024-01-15T10:01:34.800000+00:00,27.801241781648176,-82.49859618421536,45.51132865700444,4.0,15.0,2.0,150.0,50.0
949,2024-01-15T10:01:34.900000+00:00,27.80124309016414,-82.49859470494896,44.926661675188015,4.0,15.0,2.0,150.0,50.0
950,2024-01-15T10:01:35+00:00,27.8012443986801,-82.49859322568254,44.78850876191117,4.0,15.0,2.0,150.0,50.0
951,2024-01-15T10:01:35.100000+00:00,27.801245707196063,-82.49859174641611,44.899668174618306,4.0,15.0,2.0,150.0,50.0
952,2024-01-15T10:01:35.200000+00:00,27.801247015712026,-82.49859026714965,44.87207358177443,4.0,15.0,2.0,150.0,50.0
953,2024-01-15T10:01:35.300000+00:00,27.801248324227988,-82.49858878788318,44.69472521555074,4.0,15.0,2.0,150.0,50.0
954,2024-01-15T10:01:35.400000+00:00,27.80124963274395,-82.49858730861669,44.94544528002446,4.0,15.0,2.0,150.0,50.0
955,2024-01-15T10:01:35.500000+00:00,27.801250941259912,-82.49858582935019,44.69981735161975,4.0,15.0,2.0,150.0,50.0
956,2024-01-15T10:01:35.600000+00:00,27.801252249775875,-82.49858435008366,44.93868318985251,4.0,15.0,2.0,150.0,50.0
957,2024-01-15T10:01:35.700000+00:00,27.801253558291837,-82.49858287081712,45.00153944253588,4.0,15.0,2.0,150.0,50.0
958,2024-01-15T10:01:35.800000+00:00,27.8012548668078,-82.49858139155056,44.99500447177589,4.0,15.0,2.0,150.0,50.0
959,2024-01-15T10:01:35.900000+00:00,27.80125617532376,-82.49857991228399,44.920927356358945,4.0,15.0,2.0,150.0,50.0
960,2024-01-15T10:01:36+00:00,27.801257483839724,-82.49857843301739,44.832922513125276,4.0,15.0,2.0,150.0,50.0
961,2024-01-15T10:01:36.100000+00:00,27.801258792355686,-82.49857695375077,44.6407006858774,4.0,15.0,2.0,150.0,50.0
962,2024-01-15T10:01:36.200000+00:00,27.801260100871648,-82.49857547448414,45.040236055837845,4.0,15.0,2.0,150.0,50.0
963,2024-01-15T10:01:36.300000+00:00,27.80126140938761,-82.4985739952175,44.75510626598863,4.0,15.0,2.0,150.0,50.0
964,2024-01-15T10:01:36.400000+00:00,27.801262717903573,-82.49857251595083,44.9201431439246,4.0,15.0,2.0,150.0,50.0
965,2024-01-15T10:01:36.500000+00:00,27.801264026419535,-82.49857103668414,44.81187000945252,4.0,15.0,2.0,150.0,50.0
966,2024-01-15T10:01:36.600000+00:00,27.801265334935497,-82.49856955741744,44.73099241133141,4.0,15.0,2.0,150.0,50.0
967,2024-01-15T10:01:36.700000+00:00,27.80126664345146,-82.49856807815073,44.94995821278998,4.0,15.0,2.0,150.0,50.0
968,2024-01-15T10:01:36.800000+00:00,27.80126795196742,-82.49856659888398,45.79437781324525,4.0,15.0,2.0,150.0,50.0
969,2024-01-15T10:01:36.900000+00:00,27.801269260483384,-82.49856511961723,44.89180009019457,4.0,15.0,2.0,150.0,50.0
970,2024-01-15T10:01:37+00:00,27.801270568999346,-82.49856364035045,45.09883028144456,4.0,15.0,2.0,150.0,50.0
971,2024-01-15T10:01:37.100000+00:00,27.80127187751531,-82.49856216108367,45.37482845202626,4.0,15.0,2.0,150.0,50.0
972,2024-01-15T10:01:37.200000+00:00,27.80127318603127,-82.49856068181685,44.62229079889259,4.0,15.0,2.0,150.0,50.0
973,2024-01-15T10:01:37.300000+00:00,27.801274494547233,-82.49855920255003,45.6927858942594,4.0,15.0,2.0,150.0,50.0
974,2024-01-15T10:01:37.400000+00:00,27.801275803063195,-82.49855772328318,45.35452705550178,4.0,15.0,2.0,150.0,50.0
975,2024-01-15T10:01:37.500000+00:00,27.801277111579157,-82.49855624401633,44.81802728943331,4.0,15.0,2.0,150.0,50.0
976,2024-01-15T10:01:37.600000+00:00,27.80127842009512,-82.49855476474944,44.91522135188737,4.0,15.0,2.0,150.0,50.0
977,2024-01-15T10:01:37.700000+00:00,27.80127972861108,-82.49855328548254,44.55428992138335,4.0,15.0,2.0,150.0,50.0
978,2024-01-15T10:01:37.800000+00:00,27.801281037127044,-82.49855180621563,44.59587160598908,4.0,15.0,2.0,150.0,50.0
979,2024-01-15T10:01:37.900000+00:00,27.801282345643006,-82.49855032694869,45.53226462535395,4.0,15.0,2.0,150.0,50.0
980,2024-01-15T10:01:38+00:00,27.80128365415897,-82.49854884768173,45.21693427591631,4.0,15.0,2.0,150.0,50.0
981,2024-01-15T10:01:38.100000+00:00,27.80128496267493,-82.49854736841476,44.84124714235867,4.0,15.0,2.0,150.0,50.0
982,2024-01-15T10:01:38.200000+00:00,27.801286271190893,-82.49854588914778,44.999336344002636,4.0,15.0,2.0,150.0,50.0
983,2024-01-15T10:01:38.300000+00:00,27.801287579706855,-82.49854440988076,44.95945832048413,4.0,15.0,2.0,150.0,50.0
984,2024-01-15T10:01:38.400000+00:00,27.801288888222818,-82.49854293061374,45.15672914192989,4.0,15.0,2.0,150.0,50.0
985,2024-01-15T10:01:38.500000+00:00,27.80129019673878,-82.4985414513467,44.64614185775218,4.0,15.0,2.0,150.0,50.0
986,2024-01-15T10:01:38.600000+00:00,27.801291505254742,-82.49853997207964,45.272310731857296,4.0,15.0,2.0,150.0,50.0
987,2024-01-15T10:01:38.700000+00:00,27.801292813770704,-82.49853849281256,44.91586413513751,4.0,15.0,2.0,150.0,50.0
988,2024-01-15T10:01:38.800000+00:00,27.801294122286667,-82.49853701354546,44.81347039228161,4.0,15.0,2.0,150.0,50.0
989,2024-01-15T10:01:38.900000+00:00,27.80129543080263,-82.49853553427835,44.811791410866704,4.0,15.0,2.0,150.0,50.0
990,2024-01-15T10:01:39+00:00,27.80129673931859,-82.49853405501122,45.08314834290891,4.0,15.0,2.0,150.0,50.0
991,2024-01-15T10:01:39.100000+00:00,27.801298047834553,-82.49853257574406,44.60208630121927,4.0,15.0,2.0,150.0,50.0
992,2024-01-15T10:01:39.200000+00:00,27.801299356350516,-82.4985310964769,45.013463548675155,4.0,15.0,2.0,150.0,50.0
993,2024-01-15T10:01:39.300000+00:00,27.801300664866478,-82.49852961720971,44.99893792923954,4.0,15.0,2.0,150.0,50.0
994,2024-01-15T10:01:39.400000+00:00,27.80130197338244,-82.49852813794251,45.05677042788936,4.0,15.0,2.0,150.0,50.0
995,2024-01-15T10:01:39.500000+00:00,27.801303281898402,-82.49852665867529,45.06929362486224,4.0,15.0,2.0,150.0,50.0
996,2024-01-15T10:01:39.600000+00:00,27.801304590414365,-82.49852517940805,45.4858034614648,4.0,15.0,2.0,150.0,50.0
997,2024-01-15T10:01:39.700000+00:00,27.801305898930327,-82.4985237001408,45.491007167681246,4.0,15.0,2.0,150.0,50.0
998,2024-01-15T10:01:39.800000+00:00,27.80130720744629,-82.49852222087353,45.32555030929876,4.0,15.0,2.0,150.0,50.0
999,2024-01-15T10:01:39.900000+00:00,27.80130851596225,-82.49852074160623,44.89106599522893,4.0,15.0,2.0,150.0,50.0
